alvinllum,48010.1
jeffielam,30822.727302885178
denise_tsang,29760.341083985517
JOceanW,28900.859187010865
krislc,26727.181604952693
MasatoKJ,26142.400943814973
holmeschan_,23419.320890082934
frances_sit,23310.0647167387
liuhsiuwen,20953.252977455904
timmysung,20592.18733792781
VivienneChow,18278.03753299848
maryhui,18177.105639528094
julianaliu,17529.5975984114
_jasmineleung_,17351.43863546107
WilliamYang120,17215.65131409882
sumlokkei,17027.314481953043
hkchrislau,15828.618180119145
ARaquelCarvalho,14918.150068917183
hkfp,14225.1713788794
demosisto,14035.55768798167
candicewongky,13790.347589542089
damon_pang,13009.808907837869
richardjpyne,12902.633804462095
finnlau_cd,12807.039098779487
ezracheungtoto,12637.297383483237
XHNews,11979.679273449363
nathanlawkc,11960.168491980838
jimcyf,11783.01816142974
yuenok,11598.555496771505
rthk_enews,11136.436883982504
joshuawongcf,11113.954166569327
XinqiSu,11085.859721995093
PDChina,11068.05161841283
eyepressnews,11028.630297862399
mrbaopanrui,10975.074771650208
rachel_cheung1,10877.752725148932
galileocheng,10757.050666978157
globaltimesnews,10460.498196472374
aaronMCN,10076.540787291204
phoebe_kongwy,10063.270405866935
wilsonlicc,9998.500663473893
cityusucbc,9684.932014833128
karenklcheung,9650.961978740801
HongKongdaily,9515.75230460922
yttai,9407.47679243079
appledaily_hk,9166.072676089241
Nectar_Gan,9006.870823501928
ChuHoiDick,9005.830288517696
rhokilpatrick,8910.101069968461
EricCheungwc,8725.926377759608
SCMPNews,8596.85679441783
gracehw,8409.60374255344
SixthTone,8329.794471949379
natashakhanhk,8323.239338862282
austinramzy,8069.348802709964
ianbremmer,8021.484193435346
RamyInocencio,7970.5271769346855
alexhofford,7904.944275201495
danielchsuen,7843.552711131877
joyuwang,7784.97198126039
rachelblundy,7776.958472141105
OCLPHK,7773.711180535332
yingworld,7703.080488260717
scmpeconomy,7643.598398065588
USAinHKMacau,7631.792097111541
pakwayne,7569.892010279173
Junmai1103,7390.919992991473
fcchk,7324.325754000701
gillianwong,7302.613369933419
vickywong710,7103.732337343768
_szheng,7077.718962737998
taiwan_security,6974
HongKongTravels,6966.8693116634795
kixes,6952.899957639459
phila_siu,6846.720196238757
VerbatimHKG,6786.36916715337
supchinanews,6782.2070272164465
fbermingham,6762.893335348345
catecadell,6713.531718257213
alanwongw,6700.004763462212
hknewz,6543.10198223392
fccchina,6543.98127087957
StuartKLau,6524.675685049377
HKGlobalConnect,6491.122373300371
GregTorode,6454.697572211485
kanis_leung,6410.736037846046
JNBPage,6322.052492653093
EN_NERV,6316
racporter,6287.459211122866
Katmyu,6219.6
varsitycuhk,6146.81617517217
hkstream,6103.506012024048
newsgovhk,6029.900233617568
ChuBailiang,6021.575953743722
suelinwong,5998.684184090644
Baochoy,5995.562579137952
jgriffiths,5987.997472257914
cheriechancy,5979.954554374489
jotted,5794.702170307207
joshchin,5769.766487559865
FinancialTimes,5754.723711726723
_laujessie,5752.0773928279405
iainmarlow,5724.035070669314
ncyjoyce,5672.996734026398
SCMPgraphics,5637.03133321561
RealHKNews,5488.508794123648
caixin,5478.416691975237
HKTourismUK,5459.019581664442
wang_maya,5443.445116224741
xinwenxiaojie,5364.9983786940775
nytimesworld,5295.713520099979
jodifs,5292.225339546213
antielabhk,5257.534522337984
gerryshih,5183.639602850134
ccni,5178.950139502031
erinhale,5026.824508819063
limlouisa,4992.486854339446
TheOfficialSBI,4952.4
MikeSmithAFR,4942.990654205608
Ray_WongHKI,4912.3656605536735
WSJAsia,4897.853538138068
CCTV,4889.074690684134
owenchowkashing,4825.56754370475
ipacglobal,4808.645246353022
JMSCHKU,4806.655257238075
hongkongpen,4755.619932897757
MissXQ,4715.4708945260345
AFP,4694.752095396792
Lingling_Wei,4609.155402292764
suilee,4592.921420394814
BethanyAllenEbr,4583.556605536736
chinaorgcn,4571.451389293897
ReutersChina,4566.2706873568
ChinaBizWatch,4549.64623655914
Chadbray,4546.843558077437
pingroma,4518.28830054804
charlesmok,4501.909935755169
John_F_Power,4490.443886957836
HernandezJavier,4489.439271113188
hk928umbrella,4487.650357069986
RadioFreeAsia,4425.756532789706
JuroOsawa,4400.066174512323
vwang3,4367.88758041884
Georginatvprod,4326.031645760919
qingqingparis,4313.017509636725
dannydvincent,4275.558250204415
TeaLeafNation,4235.869090059572
ifjasiapacific,4219.612283242098
sebastianveghk,4177.67265506366
Echinanews,4162.175936263278
melissakchan,4156.937262002102
ByChunHan,4136.103772923724
sam_vadas,4130.1520013440295
CarlMinzner,4094.534890783787
DavidBarboza2,4092.45644667679
frances_hui,4076.9968919316225
amyyqin,4072.6539282794065
laura_warne,4070.9182194113355
Colum_M,4045.1527018082656
NewYorker,4027.910923957482
davidpaulk,3999.1969262132325
GlocalNewsMan,3992.4234468937875
lauriechenwords,3988.370594556711
business,3986.0320704019996
YuanfenYang,3982.2989090059573
NikkeiAsia,3946.749195187478
eAsiaMediaHub,3924.139603553216
CBCAlerts,3920.7208702591456
GaoYuan86,3890.847368298096
hargreaves_s,3878.0407905535994
spectatorindex,3853
Kolas_Yotaka,3836.262812739933
BernUnitHK,3834.583531987351
Yaqiu,3831.0405655132245
elsiechenyi,3829.1687419693963
NPR,3826.047137016704
klustout,3823.966067048242
andreaslandwehr,3745.8763487985493
chingrachelwong,3678.2911692559283
AmCham_China,3673
stegersaurus,3672.0479593505434
DanStrumpf,3655.573058695825
harbourtimes,3650.988800931932
evadou,3640.9507664610414
hancocktom,3635.7285192343334
BMMRobertson,3630.493972867403
angelagui_,3582.561950706693
ingriddhooghe,3565
tengbiao,3557.3948108337086
WeiDuCNA,3548.224296227076
WSJ,3474.1787190168716
ftchina,3451.4545426936106
ForeignPolicy,3446.2518677724565
CityJournal,3440.4
ajplus,3439.943600921204
zensoo,3431.511220651793
jchristychoi,3421.8908157051706
ABC,3395.4320495730058
studersc,3394.4606973604086
ianjamesyoung70,3384.402054486246
chesh,3382.8
AP,3381.962224536555
uscnpm,3376.249899799599
BWassener,3320.314460927462
KarolineCQKan,3315.0825395144425
Ben_Westcott,3302.9057881215053
Dana_Heide,3295.2380000529506
kinablog,3286.333870967742
MacroPoloChina,3284.793505599534
ArtyomLukin,3276
germany_with_hk,3275.671743486974
politico,3275.0598342643825
TheRealJoshYe,3261.4034963800104
edwardwhitenz,3252.90300547413
HkrevInfo,3248
cityusuedb,3246.1107214428857
Lindadalew,3243.0155277858676
emilyrauhala,3209.0098913678307
TheJohnSudworth,3203.8072164466766
LeungBaggio,3198
lizalinwsj,3197.0597521908344
dhpierson,3187.2940380796636
knightfdn,3174.9765495320503
ErykBagshaw,3166.770718275926
CGTNOfficial,3159.064212124752
BeijingReview,3158.58116030163
EpochTimesChina,3146.4440860215054
dailyfreepress,3134
SofiaHC1,3134
andreas_lo,3133.435625215112
RolandLimCNA,3125.579469715398
endacurran,3122.8622707627615
gadyepstein,3111.4308281742788
nvanderklippe,3110.370448227476
AppleNews,3108.0
CUPIDNEWS1,3099.1904646071516
ael_o,3096.7926054380346
TravelFoto,3093.138251001335
ChinaDaily,3092.4699731339797
iandenisjohnson,3071.9403901413384
IanKingSky,3049.2
ChinaBriefing,3038
pinerpiner,3036.219849636692
dwnews,3035.2405490012848
n_gough,3021.018509519916
SCMP_Sport,3016.8
NatalieReuters,3006.39037886209
nytimesphoto,2997.781289568976
NapolitanoDean,2991.7440720466184
YvonneManTV,2985.5632892960207
prchovanec,2981.9031664504514
thepapercn,2980.8
OfficialPshk,2966
eolander,2962.653490773345
TokyoWoods,2956.8
Sophiemcneill,2956.5867422030137
TheEIU_China,2951
HeikoMaas,2944.2931863727454
ajwsmall,2942
ChinaBriefJT,2933
majohns,2930.3715019459373
andy_is_missing,2914.984990287833
bexwright1,2914.5384908305105
ICIJorg,2913.4979558462796
selinawangtv,2889.6
CNN,2885.9196425651207
felizysolo,2884.3629762878168
JKynge,2882.4691959439783
shanghaidaily,2868.0
KangHexin,2834.6357946572766
NYTimesChina,2831.678919300724
natashya_g,2801.2742660338527
jbhavan,2798.6249900712533
jpak25,2778.3337481136323
Quicktake,2763.6609181170425
Chao_Deng,2758.0953299848147
BangkokPostNews,2752.68233199822
yicaichina,2751.646342927777
gerrymullany,2743.969050329618
jamesLmcgregor,2743.2
HelierCheung,2735.4130973498186
japantimes,2733.338342012081
jessicadrun,2729.1464006777687
OSFJournalism,2726
youngposthk,2699.7294589178355
VOA60News,2690
MichaelKovrig,2681.5656396653744
triviumchina,2672
cnnbrk,2669.403808372374
SingaporeAir,2666.4
Macau_Business,2640.6887096774194
sharonhom888,2639.3237483783855
mit_obe,2629.2
AbacusNews,2609.6343226284716
dominiquefong,2608.8
china_film,2604.2179127670847
zeynep,2591.819801425067
brendagoh_,2589.6
goldkorn,2581.879028884594
TelumMedia,2573.679166519513
Judy_Ngao,2570.56825137727
WHO,2565.483599250156
HONG_KONG_live,2559
PekingMike,2552.329363392127
BitterWinterMag,2544.1080364443405
Poynter,2537.780254643149
SteveChaoSC,2528.4
AnonymousOfcl,2512
kayross,2508
JamesEdgar,2503.5271720593387
BelleTimsit,2501
Myanmar_Now_Eng,2494.1452754758943
rbsw,2490.929684512428
ofarry,2482.656331577136
yoolimleenews,2473.2
rwmcmorrow,2471.27004321925
HK_Protests,2463
lasenoritachan,2462.3519459985405
JapanToday,2447.3119406674905
MattRiversCNN,2433.3787745011477
Cezary,2432.961510739513
Tokyo_gov,2431.2
wilfredchan,2426.3559344470627
HongKongRugby,2421.6
waynema,2413.0736082233384
cnni,2408.3487126964505
haohaoreport,2397
MediaSmarts,2392.8
nathanattrill,2388.867173228138
Reuters,2380.014469902104
patrickwintour,2372.9891398162613
witschinaafrica,2371
DavidTweed,2365.1732438636764
davidmwessel,2359.2
henrysgao,2354.189049800111
RichardBarrow,2353.2
yujiechentw,2338.522308119986
bernhardbartsch,2335
HainanAirlines,2332.8
KirstyLNeedham,2322.8555664398614
9DashLine,2319.7222181038364
zacharyhaver,2319
GovernorTomWolf,2310.0
BrendanScott,2305.148811583966
tessa_wong,2299.3106880940404
iHKIAC,2290
jeromyu,2285.927903871829
JuddLegum,2281.2
acmilan,2270.4
ChinaChange_org,2264
19thnews,2259.6
shelzhang,2254.966352492653
PEKAirport,2250
restofworld,2250.7885547112865
ClimateChange_w,2248
mrbcyber,2239.299610812528
HornbyLucy,2239.5235252891016
SileZhaoChen,2233.540716934487
cdcshepherd,2233.032914140478
ForeignAffairs,2218.4205863800958
YuhuaWang5,2213.1883746789867
charlottejourno,2207
ravmattu,2205.8133342943634
nknewsorg,2204.893631585095
DevjyotGhoshal,2203.7883296709115
DreyerChina,2199.6
bpolitics,2195.5814809414705
CNStorytellers,2183.042396916248
evatam,2182.993826593678
CricketHK,2180.4
sorlins,2175.3895051759287
Dimi,2171.41039686532
DaniellesCave,2171.41039686532
NYTMetro,2167.2
sjoerddendaas,2166
FSHongKong,2165
maree_jun,2150
HongKongRangers,2148
FrontierMM,2148.4325090678035
BBCBreaking,2145.846742345345
chenchenzh,2139.032464059728
kevinsxu,2133
beijingscribe,2131.4444317252655
IssueOneReform,2128.330580872779
nprpolitics,2124.7724377993227
MareikeOhlberg,2122.3212729342617
kyleehmke,2109
BenedictDunant,2102.4767334727703
crystalttc,2101.7539368293787
Project2049,2100.6899239783274
yangyang_cheng,2099.343385136745
SinclairTalk,2098.377955911824
J_A_Hillman,2097
technodechina,2096.4
Perseus852,2095.4084164436877
chadlaca,2090.914771638827
yindavid,2083.6766434566202
YeonmiParkNK,2082.0
baggottcarter,2082.6321940112784
cenkuygur,2079.6
WhatsOnWeibo,2077.404884943348
CJR,2077.948363508936
aletweetsnews,2076.9873992432967
thenewslensintl,2075.8672935404743
alicetruong,2068.051886461862
bobdavis187,2067.6
nytpolitics,2067.100072901479
DrewPavlou,2061.299803761243
MoMAPS1,2060
cliffordcoonan,2048.3442588229063
NateSilver538,2047.5595190380761
owenschurchill,2045.1890012848967
ChinaUncensored,2042.5701740450882
AndreaWoo,2041.2
pstAsiatech,2033
catalannews,2028
louiseflucas,2027.1409147095178
edwininla,2024.4
firstdraftnews,2024.3931058219268
gabewildau,2022.054126181462
markets,2017.2
Liveuamap,2017.5973344235485
birdwatch,2016.0
kakape,2009.520732837362
schneiderfa77,2005.245291586998
latimesworld,2005.2
telebusiness2,2004
huizhong_wu,2001.9893096600865
NorahODonnell,2000.4
YahooNews,1988.7467863701286
PreetiJha,1987.421819880855
littlewern,1985.9533442354866
LeongWaiKitCNA,1982.219144959701
bitcoinorghk,1975
PatrickStotz,1973
TheKenWeb,1971.6
panyiszabolcs,1969.2
davidvolodzko,1969.2
SCMPAsia,1967.096993987976
IvanCNN,1967.71083572616
MIC_Journal,1964
NatGeo_Asia,1963
fieldofvision,1960.8
panphil,1954.7766826305337
heather_parisi,1953.6
Adam_WuTong,1953.4266996291717
cat_barton,1953.0841654012381
cobrapost,1945.2
BritishPathe,1942.8
eobserver,1924.948108241487
AndrewJacobsNYT,1924.4230759047946
thecaravanindia,1923.6
NOgnanovich,1921.2
timesofindia,1917.6
ChinaNews24,1911
TerryGlavin,1900.8
shenlulushen,1899.8535410764873
qz,1898.9763462212359
ekinetz,1895.4532265377059
Openly,1891.2
ANI,1887.6
rose_catb,1883.3683214577736
nytimesbusiness,1881.8186049796927
MalcolmMoore,1880.6861878160494
ScienceMagazine,1879.2
ZodiacFacts,1877
JRKaiman,1873.9298597194388
pjmooney,1866.7197617100805
WNYC,1864.364363976171
yumikoono,1863.6
PeterSweden7,1858.6572610070543
BBCr4today,1858.8
csapac,1856.4
ASLuhn,1855.2738768835416
AsYouNotWish,1852.8
ananthkrishnan,1852.8533160361123
cameramanCNN,1851
TWSentinel,1851
ICRTNews,1845
jeannasmialek,1844.4
Neurophysik,1839.6
brettmck1,1838.6431361469186
ZhaoyinFeng,1834.4631771989255
HelenRoxburgh,1833
cheriangeorge,1829.6598183791798
clemtan,1829.6598183791798
risj_oxford,1827.7516434076233
ChristiesInc,1824.0
The_Corres,1823
KetagalanMedia,1820.741112484549
jmulich,1815.7335474827707
artnews,1813.2
asiasentinel,1813.5829659318638
wongjiyuet,1808.449802593155
gzeromedia,1805.4030272452069
manyapan,1804.8086415503958
VanessaPiao,1802.0692478860703
TaiwanCorner,1800
amir,1800.9718187127671
Kate_OKeeffe,1789.5403761242846
lnachman32,1783.9196526435626
journalistics,1782.9172808027636
SaksithCNA,1779.6
CFR_org,1779.1481555893004
katherineefoley,1777.2
anthonytao,1772.4307087448042
martyn_williams,1765.5989723439625
wearytolove,1762.4573371618558
LotteLeicht1,1760.6470941883767
alexcampbell,1760.4
rshorsey,1758.2506240399384
GettyImagesNews,1757.4635883658452
marielpadilla_,1754.4
jayrosen_nyu,1754.2068263053382
katieforster,1750.1798434762295
scharlab,1748.4
govsingapore,1744.8
JeremyKohCNA,1743.2273966799926
greenlawchina,1742
NewsHour,1741.855563602383
Neil_Irwin,1738.8
bylenasun,1734.0
meedan,1732.8
HuffPost,1723.8595726646654
cliffordlevy,1721.990942646887
BBCWorld,1721.0291835034368
FullFact,1708.8
timkmak,1708.635915835563
StevenTDennis,1707.6
AsiaLawPortal,1707.3421143265152
LeoRamirezAFP,1707
ddale8,1706.4
nationnews,1705.5665374413386
jingyanghk,1705.5859442429378
BeimengFu,1692.4586836910412
rozlatiff,1692.008101453496
MeganSquire0,1689
Ryan_J_Mitchell,1689.9192025628126
Elizabeth_Utley,1685
ministryoftofu,1683
JohnSimpsonNews,1683.6
BBCRealityCheck,1680.0
GoogleNewsInit,1680.6841038318912
EU_Commission,1679.7014574320635
frontlinepbs,1678.3829295643031
jodieginsberg,1677
AJEnglish,1677.5112872318266
ndreasp,1676.4
KendallTTaggart,1672.8
AzmatZahra,1672.8
Rachel_Chason,1672.8
SBSNews,1672.1397196589182
hannahdormido,1669.2
edyong209,1665.8729517579723
CoriBush,1663.2
axios,1660.67684149048
ZeyiYang,1651
pressfreedom,1647.4632159966673
MattVerrier,1645.0858100689172
ZhangTaisu,1642.918977522438
JonathanEmont,1641.720875860851
hansilowang,1639.2
Weiboscope,1638.4811590024506
OliverHotham,1637.8020651793015
newley,1635.6
joannaskao,1628.4
pubperspectives,1627
TheSocietyPages,1625
sopasia,1625.3156453685317
TravelGov,1623.6
LICASnews,1623
DavidNakamura,1623.6
Focus_Taiwan,1623.0744380609462
LeoBurnett,1622.4
NBCNewsNow,1617.6
WSJLogistics,1617.5004909058803
laurahelmuth,1617.6
CDT,1615.7632919435546
rebtanhs,1615.2
cathyyang,1614.0
CodaStory,1610.5410447168463
ChinaDailyAsia,1609.2
newsjean,1608.473610819438
laraseligman,1608.0
raju,1605.5980726550636
Shumian,1601
ErikWemple,1600.0965502634297
CNBCnow,1599.710710681851
Preetika_Rana,1597.2
JDMayger,1596.0343125960062
NBCNightlyNews,1595.447657488828
aptiffany,1594.726854779859
MHiesboeck,1593
michaelluo,1593.1274080130827
TheStockVine,1592
danielle_ivory,1590.0
the_ayeminthant,1588.6076063646713
StefSimanowitz,1587.6
jslandreth,1587
IpsosMORI,1586.4
MattSchiavenza,1586.4
WSJecon,1585.8557878045265
grimes_ce,1585
GenevaSummit,1584
daschles,1584.9349152821187
FullerProject,1584.0222604897308
NastasyaTay,1582.8
tangdidi,1581.2897083270364
dvbburmese,1578
akannampilly,1573.288896156991
Kevinliptakcnn,1572.370870834347
NewNaratif,1570.2645228361173
pdnonline,1569.6
BBCTimFranks,1569.6
ZoeTillman,1569.6
protest_nyc,1568
TheJihyeLee,1568.7630669031796
ejcnet,1566.6430662937983
TexasTribune,1564.8
pewjournalism,1564.0291905151266
RohdeD,1562.760216724768
cryopolitics,1560.9115243546314
HillelNeuer,1558.9853137516689
officeofjane,1558.90765402028
theage,1557.6808713935288
Diplomat_APAC,1557.6808713935288
SkyNewsBreak,1556.6647542165201
SCMPTech,1555
CLSAInsights,1551
MissWHPT,1550.4
purpleromeropo,1550
joerwallen,1550.4
OttoKolbl,1550
Helene_FR,1550.5193038196471
Jacob_T_Gunter,1549
hootsuite,1547.844889779559
matisaksk,1546.8
RobertMMahoney,1545.2440860215054
dtbyler,1545.194451582759
JChaisse,1542.5634178905207
publicintegrity,1541.1663053381615
lamthuyvo,1539.5740349638002
joannalillis,1539.991776661605
zephoria,1538.4
BBCNewsGraphics,1538
shashj,1538.4
voxdotcom,1538.9512416773741
BLaw,1537.2
elpaisinenglish,1536.0
AntonyGreenABC,1534.8
domphillips,1534.8
PolitiFact,1534.0463269277548
WilliamsJon,1534.9565010193005
mauracunningham,1531.1628868708797
catielila,1531.1628868708797
WSJworld,1527.2321317311971
MSNBC,1527.9903725940314
ChloeWhiteaker,1527.6
LorettaChao,1526.4
mbrennanchina,1525
EurasiaGroup,1523.3432169139119
BBCYoungReport,1520.4
Sothebys,1519.2
RonanFarrow,1519.6739429721215
random_walker,1518.0
JoshZumbrun,1515.6
lingli_vienna,1514
ganglu,1512.0
sashachavkin,1512.0
taiwanreporter,1512.1944693625287
protocol,1512
andreasharsono,1511.3183474093883
SothebysInst,1510.8
MissRyley,1509.6
melbournecoal,1509.6
ThaiEnquirer,1509.6
williamsmjw,1507.2
griffwitte,1506.0
katiestallard,1504
ccjanetang,1504.28959637112
HelenBranswell,1504.0072012919966
thetimes,1504.6135871977572
davidwchen,1503.6
drewharwell,1502.7150893587198
techreview,1501.2
eshelouise,1499
HuffPostPol,1498.5046865618929
razlanmanjaji,1498.5090942786794
HooverInst,1496.4
elianayjohnson,1496.4
holden,1495
lizzadwoskin,1494.0
CNNBusiness,1492.8
CharlieCamp6ell,1491.0866324027568
StopXiJinping,1490.9057361376672
YooAudrey,1489.6511014686248
Yamiche,1489.2
NikkiFinke,1486.8
techinasia,1485.8679639766908
jenniavins,1484.4
amymaxmen,1483.1182123851631
muyixiao,1481.02931349448
PrivateEyeNews,1479
GretaThunberg,1479.6407475762178
_eavi,1478
KellyCrowWSJ,1478.4
Lamborghini,1478.4
AMSA_News,1477.1256886349724
The_Japan_News,1475.6657095360436
JenniferPreston,1473.7346693386773
NiemanReports,1473.459632911924
NBCNewsTech,1472.4
ffregister,1467.965940314321
pearswick,1464.3181223690133
JaneEliz,1462.8
thedextriarchy,1462.8
thewire_in,1459.2
delaney,1457.0069762516216
NKoreaReports,1455
HutchisonPeter,1453.2
scoopercooper,1453.2
AlArabiya_Eng,1452.0
dirktherabbit,1452
trtworld,1452.5868379862166
horwitzjosh,1451.116976867385
ProSyn,1448.6755425768017
globalfreemedia,1447.2
marcusryder,1446.0
amybwang,1446.562481798205
WillHillRacing,1443.6
heldavidson,1443.2220231281392
jeneps,1442.4
ReutersPR,1441.2
PatrickMcGee_,1441.4009882023129
GarnettGenuis,1440.0
_aswesterman,1440.0
stephendziedzic,1438.0193482069851
BBCNewsbeat,1437.6
emilyrs,1437.6
columbiajourn,1436.9788132227543
pcheung630,1432.8
JN_Institute,1431.0330136706796
DanRose999,1431
mpeer,1429
brunogarcez,1429.2
lessig,1427.1511022044087
CaiweiC,1427
AP_Politics,1425.8435316969803
PeterGreste,1420.8
UniofOxford,1420.8
WesleyLowery,1420.6165471323443
tiffanyykw,1419.2897184908304
gavinhewitt01,1417
christopherkay,1416.0
asianewsnetwork,1416
marcbain_,1416.0
carlamjavier,1416.0
BloombergParis,1415
LThometAFP,1414.0870435696766
AP_Oddities,1413.6
j_smithfinley,1413.1400995472718
cward1e,1412.09565010193
mega2e,1410.0067512112466
AmyJBrittain,1406.4
TBIJ,1406.0674383833664
juliaoftoronto,1405.8289534298801
aritzparra,1404.7222287115992
nickconfessore,1400.4
DFID_UK,1398.0
rapplerdotcom,1396.357845664842
shirafu,1395.8531731698097
tom_allard,1395.3844589764635
rasmus_kleis,1394.1084762865792
Lucian_Kim,1393.2955600857802
thinink,1392.5767690253672
hil_fung,1392.6538555096083
tepingchen,1391.1952739165986
JessieWingard,1390.8
mviser,1390.8
Forbes,1390.0394843722408
MollyMcKew,1390.1622117497552
vindugoel,1390.8
AP_Images,1388.4
SinicaPodcast,1385
Fahrenthold,1385.282997313398
itsjina,1384.1590490990802
diana_jou,1384.7741832950733
MagnumPhotos,1384.2437752598996
StanfordCDDRL,1384.8
nytmike,1383.9418632936026
saumvaish,1382.4
TroyWSJ,1381.6150026487728
SouthEastAsiaSt,1379.382997311828
kgyp,1378.8
jbenton,1378.8
MelissaFleming,1377.6
benpatrick90069,1376.4
simonschuster,1374.0
koryodynasty,1374.0
witnessorg,1371.6
QuantaMagazine,1371.6
OHCHRAsia,1369.2
UNWebTV,1366.8
nytimesmusic,1365.6
HISTORY,1364.4
MarkGaleotti,1364
JohnReedwrites,1364.1413643265973
DanKEberhart,1363.2
randymulyanto,1361.8339031458693
jonfavs,1360.5213086840185
littleredbook,1359
jethromullen,1359.4567380199464
readercenter,1359.500738124669
josh_wingrove,1358.4
APFactCheck,1357.9007896035532
MarkLandler,1357.9262397077123
benyt,1357.7842789441636
walone4,1356.7398294988218
perlberg,1355.288497262935
audreyt,1355.6953800534802
DaleatLFPress,1354.8
ThaiPBSWorld,1353.6
paperghost,1353.6
USATODAY,1353.1823768320678
PhilipMcClellan,1353.0671136549468
Avaaz,1351.2
RefugeesMedia,1351.0762564012007
TheoTypes,1350.0
congressdotgov,1349.0766768868916
jsubler,1349.85591657851
statnews,1348.3842339360885
ivanbroadhead,1347.2462365591398
SkyNews,1346.7410840420932
issielapowsky,1345.2
rorytruex,1342.1175372640384
Jonathanjk,1340.3362725450902
mtrupdate,1340.4662233640622
FOBowman3,1336
OuzhouAdi,1334.806391146647
kdoctor,1333
Susan_Hennessey,1333.7619417013052
nakashimae,1332.0
ADB_HQ,1331.0010116795524
UpshotNYT,1331.24345053148
EricLiptonNYT,1329.1650064244832
BBGVisualData,1327
ConversationEDU,1326.0
sneweyy,1324.1339195617702
ericlamTO,1323.6966907999295
AmPress,1321.2
dnvolz,1321.2
JeanneWhalen,1321.2
amcoren,1320.4388949889033
nielsen,1319.1651093929922
davidfolkenflik,1318.8
roseluqiu,1318.0952000211803
edwardlucas,1317.6
NextCityOrg,1317.6
JenniferJJacobs,1316.3252692918948
jonah_kessel,1316.694341782502
splicenewsroom,1314.861144925152
elizabethjdias,1314.0
BloombergTV,1314.1956850835184
ClaudiaKoerner,1312.8
mediawiki,1311.6
Simondlewis,1311.4982315150098
pdacosta,1310.4
KattyKay_,1310.4
ugauthier,1308.0
HBCompass,1306.9202357563852
simonelandon,1305.6
kathyireland,1305.6
niemanfdn,1305.8585157925393
wutube,1304.4
BloombergLive,1303.2
AsCorrespondent,1302.6354864912591
TelegraphWorld,1302.7498002569794
CityLightsBooks,1300.8
RegineCabato,1300.339559450372
BoF,1299.6
keachhagey,1297.2
aapp_burma,1297.206211114347
tingguowrites,1295
StephNebehay,1295.1173122236637
Riogringa,1294.8
KMPensiero,1294.8
eieitoelwin,1293.0284133329803
ONA,1292.2653314689917
marycjordan,1292.4
wildeastfootbal,1291
azweynert,1287.6
csmonitor,1287.6
straits_times,1287.1417754935171
tracyweber,1286.4
lanegreene,1286.4
abramowitz,1283.3840914619313
EU_MediaLit,1281.6
condeHRW,1280.4
RollingStone,1279.989378757515
raulgaab,1279.2823478565588
RollandNadege,1277
OSINTessentials,1276
IFJGlobal,1276.3089811054213
ser_ou_parecer,1276
AlexChalkChelt,1275.6
just_security,1275
MarketWatch,1274.6529047138533
aparnapkin,1274.4
kait_tiffany,1274.4
CraigSilverman,1272.5333193330252
mannymaung,1271.0949749808053
CommonSense,1270.8
vicjkim,1270.8
simonhedlin,1269.6
Anna_R_Jones,1268
60Minutes,1268.4121457773624
Telegraph,1268.235834201208
PichayadaCNA,1267.9616266447804
georgikantchev,1266.0
MaraHvistendahl,1265.872727754097
tara_mulholland,1263.2094708562083
CBSNews,1262.1689358719775
BBCtrending,1261.2
edkashi,1260.0
ncasenmare,1260
f_potkin,1260.6504805273887
impossible,1259
alixculbertson,1259
NatashaBertrand,1259.6060310820471
JoeReuters,1258.8150300601203
edwardesjones,1258.0067959350542
ACLEDINFO,1257.6
Duffygary,1256
EJOnews,1256.7576246093108
NewsroomNZ,1256.4
yskevinhuang,1255
kyawhsanhlaing1,1254.0
chinadailyshow,1254
rorypecktrust,1254.1947165813174
Renee_Dudley,1250.4
TracyJan,1249.1449083051045
azzurri,1248.0
reuterspictures,1248.641981076977
wphillips49,1247.0726377379472
megynkelly,1246.8
NewsfromScience,1246.8
SebastianAFP,1244.4
readthisthing_,1244
geoffreyyork,1244.4
patpichatan,1244.9837388472638
GroundTruth,1243.6641144269822
Nat_Vasilyeva,1243.9487980376125
routesonline,1241
ABCPolitics,1241.2961841283065
Busabx,1240
edvotes,1240.8
BBCOne,1239.6
mediatwit,1239
meghara,1239.2771662188998
olivesophierose,1238.3988133498146
jbsgreenberg,1237.2
UNWomenWatch,1236.0
glcarlstrom,1235.5836938391888
pattrn,1234.8
slodek,1234.4645290581163
CarlZha,1234
StartupPro,1233.6
ARTINFOJapan,1233
mikeallen,1233.6
SarahLizChar,1233.6
TeamPelosi,1231.2
appleinsider,1231.2
MsHannahMurphy,1230.0
deweysim,1230.3614466124804
hodgeamanda,1230.0
IWMF,1230.9528863450532
martinenserink,1228.8
GregStohr,1226.4
mhkeller,1226.4
mediagazer,1226.2820231281391
TMZ,1225.2
francesmao,1224.0
maxwelltani,1224.0
nahaltoosi,1224.0
NakedSecurity,1223
ReachOut_AUS,1221.6
Japan_pac,1220.179031865726
AntoineVedeilhe,1219
CCHQPress,1218.0
spulliam,1218.0
the__chez,1216.8
7NewsBrisbane,1215.6
NatPress,1215.6
adam_tooze,1215
seaghkehoe,1215
lawfareblog,1214.8505805396567
HannahSJohnson,1213
technology,1213.2
sisiwei,1213.12536817941
CourtauldGall,1210.8
GlobeSpotlight,1209.6
henkvaness,1209.6
jdawsey1,1208.4
olympiatheatre,1208.4
CampaignAsia,1208.0611166919753
lizflock,1206.0
Graphika_NYC,1206
jjding99,1205
anticorruption,1204.8
MediaLiteracyEd,1204.8
TikTokComms,1203.6
thpaing,1202.4
sajidjavid,1201.2
The_Daily_NK,1201.8179067865904
INTERPOL_HQ,1200.8139563354418
SlickRockWeb,1200
LiquidNewsroom,1200.8060865273894
add_hawk,1198
THRGlobal,1198.8
wirereporter,1198.8
LiyaYuBerlin,1198
marcburleigh,1198.8
spj_tweets,1197.6
tortoise,1196.516295570676
BrianSpegele,1196.516295570676
crampell,1196.4
PublishersLunch,1194
BuzzFeedPol,1192.8
veltman,1192.8
amnestypress,1191.6
jimmurphySF,1191.0863905325443
ElaheIzadi,1190.4
zenjournalist,1190.6723676894972
theSNP,1188.0
NBCPolitics,1184.4
Report4America,1184
thecurrency,1183.2
MatinaStevis,1183.2
PIB_India,1182.0
fdelond,1181.2723226814223
TaylorLorenz,1180.8
ELSFinance,1180
RobRiggle,1179.6
bcsolomon,1178.4
MothershipSG,1178.4
pete_apps,1178.4
TheBgiGroup,1176
Dina_Maron,1176.0
SwissMFA,1176.0
TimFernholz,1176.0
mjcontrera,1176.0
IJNet,1176.399364560215
NewsfromRCgroup,1175
AsianGaming,1174
nadmussen,1174
niccijsmith,1174.7639971965891
OSoMe_IU,1173
danwei,1173.2816983997197
FbdnStories,1172.6829272281275
Storyful,1171.6423922438967
EasternFilmFans,1170
Stephen_G_Brown,1168.8
jodikantor,1168.0855881322275
SarahNassauer,1167.6
bandt,1166.4
angshah,1166.3743707846686
ByMoriah,1166.4
javierespinosa2,1165
HilaryAlexander,1165.2
TheNatlInterest,1165.2
mbrauchli,1164
CharlesMBlow,1162.8
ZichenWanghere,1162
roybahat,1162.8
MiriamElder,1162.8
phnompenhpost,1161.6
dollyli,1160.068888830055
verenahoelzl,1159.419297192301
KhaosodEnglish,1159.2
khalafroula,1157.249985438564
ConnellyAL,1157.249985438564
nicoletung6,1156.2601165460003
rj_gallagher,1156.2055359932224
epaphotos,1156
a_man_in_black,1155
NishaChittal,1154.4
_cingraham,1154.575701436748
martinepowers,1154.4
harmonylabs,1153
cheng_christine,1152.0
alisongriswold,1152.0
Juliahalperin,1151
DanaGoldstein,1149
PoliticsInsider,1148.4
knightlab,1148.4
_allysonchiu,1148.4
RosalindZAdams,1148.750622590819
NHKWORLD_News,1148.750622590819
Harpers,1147.2
PaulCarsten,1147.5726350904133
SStapczynski,1147.2
BrazilBrian,1146.0
EOckerman,1146
straits_times_,1145
BloombergRadio,1145
RazAkkoc,1144.8
tkbarnes,1144
MediaEu,1144
daiwaka,1144.6024180142058
BBCRajiniV,1144.8
LastWeekTonight,1143.778557328508
SheilaCoronel,1143.8979545550003
tunkhin80,1142.4
jenjpan,1140.5387943130972
elisewho,1140.5387943130972
maxseddon,1138.8
mattinglee,1138
aflores,1136.4
vshih2,1136.3609965317307
maxwellmuseums,1135
intelligence2,1135.2
aliaemily,1135.2
robertmpoole,1134.0
ajreid,1134.0
FIFAcom,1132.8
blytheterrell,1131.6
uommedia,1130.4
jane__bradley,1130.4
nowthisnews,1129.4784737808611
bbcmediaaction,1128.0
drewhinshaw,1127
thewanreport,1124.4382618852937
soljourno,1123.2
turtelista,1123
lukeanthonyhunt,1123.8276031876308
stevennelson10,1122.0
AskAmex,1122.0
teamlipei,1122.783153742289
AshleyRParker,1120.8
WSJbusiness,1120.4560692212608
thesundaytimes,1119.6
Robillard,1118.4
democracynow,1118.4
andrewiconnell,1115.290646263006
loosewire,1115
TheWorld,1114.8
tayzar44,1114
gerryfsmith,1113.6
wsjnoted,1112.6618279569893
laurahazardowen,1112.4
cherykang,1112.7120240480963
SherylNYT,1112.4
princetonian,1111.2
TimesNow,1110.0
sarahjeong,1108.8
teoarmus,1108.8
postpolitics,1107.8193466360585
UN_News_Centre,1107.1292232215862
MedEduLab,1105
emilycardinali,1105.626275778067
matmountain,1102.8
VICETV,1102.8
article19org,1101.7644777265746
IFEX,1101.2678180491364
bhsutton,1101
Bloomberg,1101.5009853434576
cannesdo,1100
sewellchan,1100.619525464712
Ognyanova,1099.2
tommywalkerco,1098.8049433477397
foxnewspolitics,1096.8
katywatson,1095
srl,1094.4
jwpetersNYT,1094.4
sharmasupriya,1094.4
SchoofsFeed,1093.9321517073377
MMKavanagh,1092
padrg,1092.0
artdetective,1092.0
cblatts,1092
lfrayer,1090.8
hragv,1090.8
nataliesurely,1089.6
eagereyes,1089.6
NilChristopher,1089
mmcintire,1088.4
TRF,1088.8642627582553
CNNPolitics,1088.8642627582553
IISS_org,1088.065490012849
mathewi,1085.1829737099893
HirokoTabuchi,1085.987045905852
ksappleton,1084
NewseumED,1084.8
Bridgeways,1084.1266533066132
CAKitchener,1084.8
themarkup,1083.6
MTPFirstRead,1082.4
verafiles,1082.4
Acosta,1082.4
LeslieShaffer1,1081.2
JuliaAngwin,1081
FlitterOnFraud,1080.0
Bassam_Khawaja,1078.8
rubycramer,1077.6
DrewOCCRP,1077.9856188836154
mongabay,1077.9856188836154
bencasselman,1077.6
VisitHelsinki,1075.2
WilliamShatner,1075.2
HarvardMagazine,1075.2
HKCoCoon,1073.0654397705546
emmarossthomas,1073
juliamacfarlane,1073.8321037262
mollyesque,1072.8
CarolineYLChen,1072.6495803658893
SuzyKhimm,1071.6
FOREX_blaster,1071
MFFahmy11,1071.6
caoilfhionnanna,1071
NewspaperWorld,1071.6871524921862
JimVandeHei,1070.4
luzcita,1070.4
teddyboylocsin,1069.2
auroraalmendral,1069.516232029864
alansoon,1068.4176991893821
aterkel,1065.6
NYTnickc,1065.6
melaniesill,1064.4
andymok,1064.2642768261364
linnytayls,1063.2
greg_ip,1062
davidbaulk,1062
AynneKokas,1061
BioTechSmash,1060
Lit_Review,1060
lenagroeger,1060.8
GicAriana,1060
AlexDukalskis,1060
WPReview,1060.1161870217893
ScienceNews,1059.6
EtihadHelp,1058.4
mccrummenWaPo,1056.0
kassy,1055.1663358643827
RussiaNow,1054
AlKapDC,1053.6
vaitor,1053.6
TheDavosMan,1053
seanmstephens,1053.6
zoeschlanger,1053.6
OliviaGoldhill,1053.6
Riy,1052.4
SND,1052
yamphoto,1051.2
timurkuran,1051
EUCouncil,1050.0
chinaeconreview,1050
laura_yuen,1049
muckrack,1049.188977955912
EdwardTufte,1049
DDJ_Tools,1049
ambiej,1048.8
jenmercieca,1047.6
nicholaswu12,1047.6
terryparrisjr,1046.4
Taiwan_Review,1046.4
TeleFootball,1045.2
ftlive,1045.2
TASCHEN,1045.2
hbottemiller,1045.2
ShiraOvide,1044.0
rebeccahenschke,1042
emilyctamkin,1042.8
ianshapira,1042.3397196589183
globalvoices,1041.4765530637471
matthewjbell,1040.313123825157
chrisarsenaul,1039.2
RetroReport,1039.2
MSNBCDaily,1038.0
lynseyaddario,1038.2126681941263
solaplatform,1037
sbabones,1037
Debtwire,1037
marianliu,1037.1890603902466
RoyalCaribPR,1036.8
HUyghur,1036
MddeH,1035.6
josieverg,1034
emilykassie,1034.4
elisethoma5,1034.0049508882475
ScottHeidler,1033
Jamie_Freed,1033.2512393411985
goal,1032.0
blprnt,1030
HannahD15,1029.6
huffpostqueer,1029.6
MichaelBaggs,1029
michaelphirsh,1028.4
kwtx,1028.4
SimonParkin,1028.4
YKreports,1028
peterlorentzen,1028
Shanghaibigcity,1027
LatAmJournalism,1027
Tonymauro,1026
aarthiswami,1026.0
boomlive_in,1023.6
uilleam_beag,1023
geoffwking,1022.4
DannyBoyle87,1022.4
jareddiamond,1022.4
james_morgan,1022.4
adamgoldmanNYT,1022.4
itvnews,1021.2
rifish,1021
chelswhyte,1020.0
felixsalmon,1018.3382092081226
yourHeathrow,1017.6643494030527
jonathanstray,1015.7356144102648
jasonschreier,1015.2
sungheehwang,1014
rebeccarat,1013
DisinfoIndex,1013
nidhalaigh,1013
MaxBlau,1012
FAIRmediawatch,1011.6
MarriottIntl,1010.4
yayitsrob,1010.4
IndoNewMandala,1010
nplusonemag,1010.1238360004672
SpotBlue,1008.0
eulken,1008.0
habib_b,1008
allisongrabbit,1008.0
CeylanWrites,1007.893714754706
emmarieDC,1006.8
en_germany,1005.6
dalalmawad,1005.6
KLM,1004.4
cityoflondon,1004.4
lilo11,1004
AnnieLinskey,1004.4
cog_ink,1004.4
JeppeKofod,1004.4
eurasianet,1003.0757247985049
guardian_sport,1002.0
Yunghi,1002.0
laineydoyle,1001
buffer,1000.8
BrunswickArts,999
myhlee,998.4
jack_s_hewson,998.4
meduza_en,998.4
laralogan,997.2
LauraTrevelyan,997.2
catalangov,996.0
MacHeist,996
IMFNews,996.0
mboorstein,996.0
maggieNYT,995.360321410606
iamaishaliu,994
TODAYonline,994.6532504780115
innercitypress,994
TechWomen,994.8
mjluxmoore,991
mattyglesias,991.2
UselessTree,991.1825236292393
NYSBA,990.0
pm_cheung,990
ali_fowle,989.0936247385561
Drlobsangsangay,988
sophanho,988.8
8888SEB,987
KatyTurNBC,987.6
RossalynWarren,985.7924349306738
jenbrea,985.2
BryanDBender,985.2
MintPressNews,984
BGOV,984.0
Jeremy_CF_Lin,983
KCDworldwide,982.8
josephfcox,982
julito77,981.6
Adrienne_Murray,981
PostEconomy,981.6
seldeeb,979.2
FergusonNews,978.0
JBSteins,978.0
blakehounshell,978.9471743955146
RLHeinrichs,975.6
grawlixprolix,974.0821576258818
MariaRepnikova,973.426883058431
jacobadelman,972.0
CAPA_Aviation,972
TelegraphNews,971.0911437472186
ShorensteinCtr,971.6199786149037
emotiv,971
devex,970.8
mariannaspring,970.8
UMKnightWallace,969
behlihyi,969
fifamedia,968.4
SallyBundockBBC,967.2
iron_emu,966.0
outsidemagazine,966.0
costareports,965.5655923133057
lotus_ruan,965.0712874956978
PulitzerPrizes,965.6828410747761
DorisTruong,964.8
tylrfishr,964
e_howcroft,964
ChipRolley,962.4
nationaljournal,962.4
carostauffer,961.2
loisbeckett,961.2
martinsalice,960
clairecm,960.0
felipedana,959
USATODAYmoney,958.8
mkramer,958.8
WSJTech,957.6320940944235
expatexplorer,957.9250415596192
hyunsuinseoul,957.6
fromTGA,956.7156919329644
RobinGivhan,956.4
nycjim,956.0842892185492
TedMcdonnell,955.5747993189005
MoNDefense,955.7288672350792
Joey_ThaiPBS,953
daveweigel,953.8070347412427
JaredGenser,953.9044088176353
ReutersBiz,953.2491564257447
BrendanNyhan,952.8
ajoykelly,952.8
ChrisDerps,952.5378941515978
Bing_Chris,951.6
DG_Rand,950
RT_com,950.6616030162977
thyanhvo,948
EuromaidanPR,948
melissaetehad,948.0
tarangoNYT,946
BenjaminDooley,946.7312907370634
mariyamaguchi,945
pickettjessica,945
ArunSudhaman,944.1822985888645
tasneemraja,942.0
JennaMC_Laugh,942.0
BBCPolitics,942.8877525515518
katestarbird,941.5351804695713
chronicle,939.340245106103
David_Leavitt,939.6
Lawrence_Leung,938.4
ClaireCaruana,938.4
FrankBruni,938.4
euronews,938.5625557761944
JennyBarchfield,937
bureaulocal,936
alicebudi,936
the_point_mag,935
gabrielsherman,934.8
Madam_President,934.0949670382039
johndetrixhe,934
johnkruzel,933.6
TheLancetInfDis,933
dharmaadhikari,932.4
kmac,932.4
turi,931
broderick,931.4993310630017
moviefan55,931.9582906586614
nytimestech,931.1429599345871
FactTank,930.0
Hadas_Gold,930.6044557994228
CAAF,929
nrothschild3,928.8
djordjepadejski,927.6
sophie_beach,926
GoogleTrends,926.4283517025826
TorontoStar,926.4
datanews,926
gyme7,926.4
prageru,925.2
HetavRojan,924.0
CFWIJ,924
prakchanthul,924.0
ForensicArchi,924.3377591273728
ReutersWitness,923
jeremybmerrill,922
W7VOA,922.7726993993867
jennijenni,921.6
schmidtsam7,921.6
kimay,920
IntAirport,920
Lamin_Oo,920.1599613460062
news21,919
NYTInteractive,919
jonmummolo,919
b_nishanov,919.8329260600397
RobbieMRogers,917
STForeignDesk,917.3152007648183
Karan_Singhs,916.8
LorraineAli,915.6
ShelfAwareness,915.6
_KateLamb,915.9821635646396
GWC_News,914
CourtneyWTSP,914.4
doyle_kevin,914.4
_KarenHao,914.4
wikisignpost,913
DelWilber,913.2
article19law,912.0
JonathanTurley,912
akankshasxn,912
AABerwick,911
PolishEmbassyUK,910.8
KatBermingham,910.8
WIJ_UK,910.8
ryanngro,910.8
miketatarski,910.8
davidmackau,909.6
wikimediapolicy,909.6
euobs,908.4
Trevornoah,908.4
MotherJones,908.7909659191241
AndrewBeatty,908.4
GinaSKChua,907.8892687639128
brianboyer,907.2
haniashen,906
GeoffyPJohnston,905
GetInTheRobotTV,905
JoshuaGreen,905.7630643874165
USCAnnenberg,904
healthaasia,904
TraceLabs,904
dzalcman,904.8
PicoftheYear,904
TBWADAN_HK,903
btdecker,903
TwitterNews,903.6
meghamohan,902.6965089919903
WSJkelly,901
AvWeekScho,901
damienmcguin,901
dw_conflictzone,900.0627613596542
markstencel,899
gregggonsalves,899.270972439173
Yaro_RT,898.8
MelissaRyan,898.8
andyrNYT,898.8
AllMattNYT,898.8
ambassadorbrief,897
Katie_Nguyen1,897.6
Techmeme,897.1820735484896
MITdusp,897
KimberlyRobinsn,895.2
johnminchillo,895.2
aljwhite,895.2
HC_Richardson,895.2
mirandadevine,894.0
adamsmiller,894.0
monkeycageblog,894.0
dionnesearcey,892.8
h0d3r,892.8
JamalMOsman,892.8
fabriceflorin,891
CPJTechnology,891.6
gavinsblog,891.6
hanbae,891.6
CorinneRedfern,891.6
CNBCi,890.6979465015769
jameshurley,889.2
wcp,889
newscomauHQ,887.2392925430211
MujMash,886.8
alokjha,886.8
JournoResource,884
jessicameyers,884.4
JoshJPhilipp,883
madhumita29,883
Simon_Cullen,880.8
kathleenreen,880.6028830906732
GettyReportage,880.3583401024192
adamfwalsh,879.6
juliachanb,879.3052798869857
SBS,878.4
profcarroll,878.4
thejakartaglobe,878.4432011675991
kathmandupost,878.4
SimonaFoltyn,878
MsABalakrishnan,876
LottLaura,876.0
erbrod,876.0
CulturalTaiwan,875.0930390252516
campuscodi,875
MiddleEastEye,875.0899217381148
robhastings,874.8
NYNewswomen,874
samdubberley,874.204185750973
StatesmanWorld,874
abennett,873
FilmMktg,873
myersnews,872.4
b_fung,872.4
womenalsoknow,872
TomMcIlroy,871.2
Rasmussen_Poll,871.2
the2ndsource,869
LaCarmina,868.8
bbcdavideades,868.8
NewsGuardRating,867.6
tchau01,867
anthonyted,866.4
sandhya__k,865.2
guardiancities,865.6719705641864
lisa_fletch,864.0
STPix,864
josh_emerson,864
lensculture,863
bbcfoot,862
KiraBind,862.8
hysperbole,861
javiersolana,861.6
xanalter,861.6
PamblerCNA,861.6
LBCI_News_EN,860.4
driven_by_data,860
bc_news_addict,859
TimesLaw,859.2
coopesdetat,858.0
IEGroup,858
atompkins,857.2229639519359
katiepark,857
anastasiabogota,856
naomi_rovnick,856.5024048096193
BenMullin,856.8
Andrew__Roth,855.3197570377292
RadioNational,854.4
trish_regan,853.2
Amanda_Florian,853.2
_Matthew_Price,853
DaveKrupinski,852.0
middleeast,852.0
elizagriswold,851
davidimarcus,850.8
thejohnpoole,850.8
psychia90,850.8
IndyPolitics,849.6
mccandelish,849
HarrietFL,849
Cirque,849.6
ReutersTech,849.8195938548472
PhilippaBBC,849.6
elspethreeve,848.4
ZachDionne,848.4
DavidClinchNews,847.8810001645007
AtharParvaiz,846
carolinehawley,846
INN,843.6
youngvulgarian,843
ikhurshudyan,843.6
uncsils,842
MatteoMoschella,842.4
mattbpurdy,842.4
jilnotjill,842
D_Hawk,841.2
TheShiftNews,841.2
jencyjac,841.2
amychua,841.2
JaneLytv,841.8262529453814
MattDoran91,840.0
macloo,840
smartcitiesdive,840
katdowns,840.0
robquig,839
KP_Taipei,839.288991700512
angelavoipierre,839
aatishb,838.8
NME,838.5042084168336
amandabee,838.8
jonmladd,838.6929046093564
TmarcoH,837.182871269645
HZayadin,836.4
CallerCrow,836.4
ekvraga,836
mmfa,836.4
StephenSmiley,836.4
cecianasta,835.2
stecklow,834.0
JeffreyASachs,834
jennineak,834.0
AP_Travel,834.0
parismartineau,834.0
Travelavenue,833
raymserrato,833
misinfocon,833
CityOnFireNews,832
PolisLSE,832
k_sonin,832
anitaelberse,832.8
English_AS,831.6
NoahRFeldman,831.6
AlissaAzar,830
journoresources,830
Arcadian_O,830
PeterD_Adams,829
ktbenner,829.3916880761675
AnnaPowles,829
MoniqueSchafter,828.0
MrWalterShapiro,828
DanBilefsky,828.0
chucktodd,828.0
KarinWahlJ,828
marynmck,828.0
ptrevisani,827
abfsu_cec,826
MarkIMardell,826
gab_jacomella,825.6
RikGlauert,825.2028411666919
journagrants,824
KimTongHyung,824
Mantzarlis,823.2
CNBCJosh,823.2
sofiaklevin,822
lufthansa,822.0
Stephy_Burnett,822.1215053763441
MindframeMedia,822
mattwaite,822.0
thichnhathanh,820.8
maddow,820.8
ptr_yeung,820.8
jrezaian,818.4
demandprogress,816
APklug,816.4624805745726
OP_Society,814.8
ggchao,814
ojr,813
reider,813.6
_RichardHall,812.4
JoannaMather,811.2
curaffairs,811.2
NickBryantNY,811.2
RMac18,811.2
MoscowTimes,811.2979233493022
SBengali,810.0
thenews_PL,808
CCPR_Centre,807
GeorgePeretzQC,807
jeremyscahill,806.9445633665774
SightSoundmag,806.7426853707415
DisinfoEU,805.2
EngageLab,805
JackBoardCNA,804.0
EvaConstantaras,804
alexgreenberger,803
lehrennbc,803
YahooFinance,803.9256572502713
dpa_intl,803.2930078261885
ARTINFOHongKong,802
hshaban,802.8
dumav,800.4
acaruanagalizia,800.4
newsosaur,800
alinaselyukh,800.4
nprtraining,800.4
AMLwhere,800.4
TheAPJournalist,799.7602393370576
SirLarr,798.0
nichibei,797
n_mateer,797
LBC,796.8
Lauraehaigh,796.9149267956898
florianeder,795.6
SarahDadouch,795.6
article19asia,794.4
haddadme,794.4
AWWNeverSorry,794
doberah,794.4
UKHouseofLords,793.2
aonawaz,793
HuffPostArts,793.2
XSovietNews,793
LawLibCongress,792.0
Data_Blog,792
stanleywidianto,792.9264268192968
safimichael,790.8
SamuelStolton,790.8
THR,790.8482217905704
NextMagazineHK,789
BNSLithuania,788.4
SaolakThaiPBS,787
David_S_Cohen,786
DashBurst,785
HerewardHolland,785
fuzheado,785.1812766408091
SputnikInt,784.8
SkySportsNews,784.8
krithikavaragur,784.3815334515898
Virtual_Yoga,783
marcowenjones,783
achrisafis,783.6
alexburnsNYT,782.4
Journo_Jez,782
RobinWigg,782.4
WolfieChristl,782
isocockerell,782.2926345609065
FitchRatings,782.4823081415723
markoff,780.0
Wittylama,779
RT_America,779.078494623656
David_Leheny,779
marklittlenews,778.1573146292585
ReutersWorld,778.141430951885
DefensePost,777
AsaWinstanley,777.6
samstein,777.1365847725614
EffectiveMktg,776
anthesguerra,775.2
jimthecritic,774.0
ECONdailycharts,774
faizsays,774.0
willsommer,772.8
mehreenzahra,772.8
VandanaHari_SG,772
RhituC,772
jeongminnkim,772
corinne_podger,771.6
FinUncovered,771.8121886681507
bmj_latest,770.4
GoalNews,769.2
MattGoldstein26,769
YebSano,769
RealGirlProject,769.2
ktumulty,768.0
Macchinetta,768
JusticeMyanmar,768.0
FrankFigliuzzi1,766.8
alesherasimenka,765
SarahLDouglas,764.4
GWC_Sport,763
ByTimSullivan,763
ClydeHaberman,763
standardnews,762.0
ForeignPressCtr,762.0
aprzhu,762.2442689739174
tenacioustek,762
davidhuttjourno,761
mariasacchetti,761.7497652143442
connvoyage,760
libbycwatson,760.8
dseetharaman,760.8
THEMONTHLY,759.6
infobeautyaward,759
NickMalkoutzis,758
adamfeuerstein,757.2
AMI_Berkeley,757
johnsfoley,757.0647057266157
MarciaCoyle,756
abhabhattarai,756.0
DaniellaMatar,755
EFJEUROPE,755.0441744658308
caro,754.8
AmarisCastillo,754.8
WesMoss365,753.6
Bobosphere,753.6
Refinery29,753.6
synmedia,752.4
Olivia_Beavers,752.4
OliviaCrellin,752.4
ZedBooks,751
Nataliekitro,751.2
roxanasaberi,751.2
IBTimes,750.0
LichtSpektrum,750.9591512006566
overlookpress,749
Europarl_EN,747.6
RobertsDan,747.6
annabelcrabb,745.2
samuelwoolley,745
AmJourReview,745
woodruffbets,745.2
jacknicas,744.0
HacksHackers,744
onthemedia,743.0437682513725
thomsonreuters,741.6
AllisonMichs,740.4
jjasonchow,738.0
lukebuckmaster,738.0
daily_politics,738.0
PIBFactCheck,738.0
cfhaviland,738.2842677950733
mhundwa7,736
AndrewSolender,736.8
WikiCommons,735.6
AoDespair,735.6
VICEUK,735.6
BBC100women,734.4
lynyiCNA,733
WBWAwards,733
rajeshmirchand,733
farrm51,732.0
kateconger,732.0
aus_media,729.6
MikeLindblom,729.6
Paul_Vrieze,729
SamGregory,728
eileenguo,728.4
MukulDevichand,728.4
CPJAfrica,727.2
opennews,725
BBCAcademy,725
dallasnews,724.8
earthjournalism,723.6
Kateryna_Kruk,722
wikimediadc,720
BBCNorthAmerica,720.0
_Bitcoin__News_,718
science,718
adowniebrazil,718.8
duc_qn,718.8
chakrabortty,718.8
Sahar_Speaks,717
KarishmaTV,716
MediaLitNow,716
oritperlov,715
JSKstanford,713
puzzlesthewill,713
NYTFashion,713
BecauseCulture,711
ReutersUS,710.4
rnz_news,710.4
AshaPhillips,709.2
TravelMagazine,709.2
CharlieBeckett,709
TelegraphArt,709
drewambrose,708
vcaivano,708.0
hyperallergic,708.0
mendozamartha,708.0
juliakmarsh,707
SAGEmedia_comm,707
olibasciano,705.6
TheRyanParker,704.4
davidgregory,704.4
jeannewmanglock,702.0
VNiquet,702
IndieWire,702.0
jospang,701
libby_brooks,699.6
TVGuide,699.6
gabrielapomeroy,699
donie,699.6
GlennThrush,699.6
GuardianVisuals,699
NiemanLab,697.2
harleyd,697.2
sarahecascone,696
bonniemalkin,696.0
datajournalism,695
Pogue,693.6
people,693.6
philippe_lopez,692.4
TIMEPolitics,692.4
maggiechkau,691
vanhoutenphoto,691.2
justinmccurry,689
VeraSmnSchulz,688
MarkDiStef,688.8
visualoop,687
kdrobbins,687
BBCMonitoring,687.6
triplejHack,686.4
BrutIndia,686.4
annikasmethurst,686.4
antonnewcombe,686.4
sarahussein,684.0
tshams,684.0
JHTChapman,684
eurocontrol,684.0
Yu_Hong_Chan,682
AlexRagir,681.6
tomcostellonbc,679.2
BBC,678.0
NatureNews,678.0
Anna_Soubry,678.0
tomvandeweghe,678.0
free_thinker,678.0
opcofamerica,677
journalismnews,676
andersonlive,675
dguttenfelder,675.6
FarrahFazal,675.6
TIMEWorld,674.4
kimlisagor,674
jkeefe,674.4
anandMenon1,674.4
StPedersen,673
mbachelet,673.2
womenphotograph,673
MirandaOCCRP,673
lessin,673
UPI,672.0
XanBrooks,671
pvolpe,670.8
lawrencehurley,670.8
lesliehook,670.8
VoteWatchEurope,670
adrienneshih,670.8
MeOldChina64,669
loubedana,669
CapX,669.6
TIMEIdeas,669.6
ichbinilya,667.2
JeremyLittau,667.2
Internews,666.0
TRF_Media,666
ev,666.0
pattersonscott,666
Raoldroyd,665
FolioLiterary,665
ABCFactCheck,664.8
jonathanwatts,663.6
SethFW,663
rrpre,663.6
Jonbisset,662
TheEllenShow,662.4
lateshiabeachum,662.4
yasmineryan,661
CaseyNewton,661.2
SOMAObservatory,661.2
maximduncan,661
bryanhimself,660.0
FlyANA_official,660.0
INSInews,659
brianstelter,658.8
subhapa,658.8
mlexclusive,658.8
jordanpouille,656.4
fbnewsroom,656.4
FactcheckEU,656
DavidZax,656
ceodonovan,656.4
ArtRadar,655
walkleys,655.2
asteris,655.2
ClimateHome,655
NinaEaston,655
sarahfrier,654.0
vivian,652.8
theintercept,651.6
ICFJKnight,651.6
humanatek,650
berehulak,650.4
FastCompany,649.2
sidhant,649
PostWorld,649.2
France24_en,646.8
OneFreePress,646
pauloprada,646
andybechtel,646
dpfunke,646.8
marcusbleasdale,646
david_m_stout,645.6
GuardianAus,645.6
adamsconsulting,645
jakeadelstein,645.6
maartenzam,645
AndyNehl,644
LMorgenbesser,644
siobhanheanue,643.2
tokyoreporter,643
bradleybrooks,642.0
EdJournal,642
openDemocracy,641
JohannesGuetl,640
RaphaelMinder,640
smh,639.6
PDGarvey,638.4
MediaEd,638
InsideGaming,638.4
outofedenwalk,637
YonhapNews,636.0
giuliapompili,636
lourdesgnavarro,636.0
datenjournalist,636
MattMcBradley,634.8
PYCKGlobal,633
jayfhicks,633
S_Elwardany,632
tomphillipsin,630.0
terrence_ngu,630
EP_Lawrence,629
jitjoshi,628.8
big_picture,628.8
crikey_news,627.6
justinarenstein,627
newmatilda,626
malaysiakini,626.4
Advox,626
MacRumors,626.4
PillaiPriy,626
HuffPostImpact,625.2
dteyssou,625.2
HodsonJosh,624
AnneliseBorges,624
AlexandraMa15,624.0
journalismfund,624
Graham_Bowley,622.8
iamandymorris,622
RipNTearRon,621
timeshighered,621.6
Taiwan_Today,621.6
nippon_en,621
CynthiaY29,619
SocialProDaily,619
smfrogers,619.2
thfessy,619.2
BBCOS,618.0
legalhackette,618
reallifemaggie,618
AustraliaVotes,617
PYCK_Consultant,617
thetowncrier,616.8
GovernmentRF,616.8
NACLA,616
cherylwt,616.8
hikosaemon,616
elenalanglois,615
herbbigfishleap,615
StartupDigest,615
AmanpourCoPBS,614
AJENews,613.2
jstraziusoICRC,613
PaloStocks,612
Hogsnstocks,612
iamjohnoliver,612.0
igorbobic,612.0
aaja,612.0
TomPepinsky,612
kshaheen,610.8
mediadefence,610
moorehn,609.6
RosieGray,609.6
htwenge,608
lawsocgazette,608
GuardianData,608.4
forbeesta,607.2
check,607
Shaimaakhalil,607.2
jan_maklak,606
FCCThai,606.0
TheBaseLeg,605
TomCBallard,604.8
feliciasonmez,600.0
GrimoldiPaolo,600.0
JasmineBager,600
HughNaylor,598.8
jo_m_chandler,597
lukehgomes,597.6
ABCmediawatch,595.2
annacod,595.2
SteveCannane,594.0
paulroyall,594
isilitke,594
jsolomonReports,593
Ken_Silverstein,593
TheSchoolOfLife,592
ShawnBoburg,592.8
tomjrowley,591.6
factwirenews,590.4
ArtyomTonoyan,590
tulsathit,589
EgyIndependent,589.2
atrupar,589.2
rdcParisAFP,589
The_Crox,588.0
jdiegotorres,587
lanesainty,586.8
JeannieSGersen,586
UpSearchMR,585
LindaMottram,585.6
_Emma_Dixon,585
cmihr,585
hyungjin1972,585
adamliptak,584.4
jasonintrator,584
haydencooper,583.2
julnilsmith,583
newsgovhk_epr,582
f_obermaier,582.0
ruskin147,582
leonidragozin,581
FiveThirtyEight,580.8
wikimediauk,580.8
wiczipedia,580.8
TimesFashion,580.8
RiscTraining,579
Tracy_Vo,578.4
UCBerkeleyIRP,578
LaosNews,578
JuliaKMichalska,578
haaretzcom,577.2
MelissaSweetDr,577
JasonLeopold,576.0
TheCooksCook,576.0
YvonneLeow,575
PeacePiper,574
RealMomReviews,574
TrumanProject,574.8
McClatchyDC,574.8
martinpatience,574.8
callakessler,574
alexlobov,573
WSJshutdown,573.6
bpeck,573
hackhound,572
mpr0010,572
JillAbramson,571.2
SaludPublicaEs,571.2
heatherbarr1,570.0
tubefilter,568.8
NewStatesman,568.8
carinetorbey,568
DartCenter,568
Irenekhan,567.6
SpiegelPeter,567.6
TheVisionTimes,566
as_pnp,566
techzulu,565
thelamp,565.2
BostonReview,564
tracyalloway,562
MailOnline,562.8
Tzarimas,561.6
WikiResearch,561.6
daphnekylee,559.2
fishmyman,559.2
jameschappers,558
ThePekingDuck,558
kyodo_english,558.0
TownsendMark,557
themainichi,556.8
ftbreakingnews,555.6
chayhofilena,555.6
TBensonBrazil,555
WEI_JINGSHENG,554
shonawondersif,554
DEADLINE,554.4
jonohutchison,553.2
cijournalism,552.0
DrDigiPol,552.0
maxphillips,552
AJListeningPost,552.0
Mediabistro,552.0
cityjournalism,551
jilevin,550
Independent_ie,550.8
sanverde,550
annyleshaw,550
fttechnews,550.8
GrogsGamut,549.6
carr2n,549.6
p_totaro,549
HuffPostUK,548.4
benjamin_max,547.2
Facebookist,547
thehill,547.2
declanwalsh,547.2
SLeplatre,547
abellanger49,546
JaimiDowdell,545
6_Music,544
BBCJustinR,544.8
jennyschuessler,544
ninalakhani,543
EmDunks,543
munichlink,542
TowCenter,542
HowellONeill,541.2
LuisvonAhn,540.0
VOANews,540.0
raissawriter,540
SproutSocial,538.8
TonyCollinson,537
RudawEnglish,536.4
brunomigueln,536
ZahraHankir,536.4
lucadebiase,535.2
Commentary,534.0
acharyapramod,533
ScotDecides,532.8
JosieLong,531
DailyMailUK,531.6
972mag,531.6
IVLPIIEDC,531
joshgnosis,530.4
frontlineclub,530.4
JVRufinoINQ,530.4
LAKarenLoftus,529
CPJAsia,528.0
Yelp,528.0
Provoke_News,528
MikeIsaac,528.0
ebrdcharles,527
ForbesTech,525.6
DivorceFriday,524
baskut_t,524
BeniusisV,523
Powhida,523
ZachHonig,522.0
Lisa_Palmer,522
ClimateNewsDay,521
FemiOke,520.8
AlanKohler,520.8
3AW693,520.8
TomRosenstiel,519.6
SuthareeW,519.6
samuelmoyn,519.6
abcnews,518.4
rickygervais,518.4
jkbjournalist,518.4
DFRLab,517.2
KoreanFilmBiz,517
LSEmediapolicy,516
BeaconReader,515
Blottr,515
Maria_Hinojosa,514.8
ReportersLab,514
SubstackInc,514
kathygriffin,514.8
AFPphoto,513.6
qatarairways,513.6
sjnrth,512
karencheee,511.2
airlivenet,511.2
breakingpol,509
popula,506
StoryfulNews,506
TrustyTransfers,505
Reading_ln,505
asduner,505.2
curious_scribe,504
Anasuya,504
MarianaVZ,504.0
bs,504
NextShark,504
melovely_max,502
GRamsey_LatAm,502
MarinSanna,502.8
BreitbartNews,501.6
meadea,500.4
agenciaacn,500
gingerthejester,500.4
TheWiggles,499.2
joshscacco,499
JonahFisherBBC,499.2
marybsheridan,499.2
APSAtweets,499
TechCrunch,498.0
ftopinion,498.0
kgreifeld,498.0
jharleyaus,496
schiste,496.8
HuffPostWeird,495.6
bdunkelman,495.6
PatsKarvelas,494.4
bgolbourne,494
NBCNewsPictures,494.4
DPAppell,493
lauriehays11,493.2
dataeditor,492.0
WorldRugby7s,492.0
MrNigelNg,492.0
NuraRadha,492.0
starvancouver,490.8
pbump,490.8
andrewjcrook,489
jonathansamuels,489.6
chloechotv,489
zdaniel,488.4
mattizcoop,487.2
afpfr,487.2
InsidersABC,487.2
cloviscasali,486
ladyhaja,486.0
Empatheticmedia,486
yanisvaroufakis,486.0
Datacolor,484
cbjanssens,483
petapixel,483
MichLKosinski,483.6
guardiannews,482.4
LesterShum,482
FreedomofPress,481.2
TheTimBurrowes,481
PhillipTKYin,481.2
wikimediaindia,481
Tom_El_Rumi,481
ByMattStevens,480.0
nkwitness,480
Unindoctrinate,480
RAGreeneCNN,479
Arshadyousafzay,479
Visapourlimage,479
815wrldtrvlr,478
thinkRUSSIA,478
ChannelNewsAsia,477.6
SimoneGiertz,477.6
PCMagalhaes,477
GavJacobson,477
JackieLeonard01,477.6
lostremote,476
sunaibkk,475.2
NYU_DRI,473
WilsonLeeFlores,473
SenRubioPress,472.8
thecovenews,472
MattsCravat,471.6
politicsabc,471.6
edballs,471.6
visuramedia,471
AboutHormones,470
Qantas,469.2
ctardaguila,469.2
GuardianUS,468.0
ReutersIran,468.0
OHnewsroom,468
Octopus_Books,466.8
carolynryan,466.8
enews,464.4
ABCnewsIntern,463
RachelChan42br,463
ayeemacaraig,463
emanmohammedD,463.2
sk_kamiya,462
fauziah_ibrahim,460
engadget,459.6
bilbaobab,459
Robert_Bridge,459
tEconomics,459
nuffnangAU,458
notonthewires,456
Ben_Woods01,455
ReutersPolitics,454.8
meganjanetsky,454
OnePerfectShot,453.6
HelenHet20,452
Linda_Pizzuti,451.2
FreshCruiser,450
BeckyQuick,450.0
kimseverson,450.0
maxjrosenthal,448.8
kirstenalex,448
eucopresident,447.6
grnenergy,447
zxzlaw,447
womenindisinfo,447
NicolasQuenel,446
chasepurdy,446.4
ewenmacaskill,444.0
pzmyers,443
Union_NewsUK,443
Newsflare,443
JavichuDR,442.8
JimCarrey,441.6
sophblack,440
Be4TRAVEL,440
wellbelove,439.2
davidleighx,439
moiragweigel,439.2
TOLOnews,438.0
KaityTong,438.0
DrSarahLiu,437
TheCarrieGracie,436
guardianscience,436.8
rogerboyes,436
Ruptly,436.8
marjoriemliu,435
philipdisalvo,433.2
FulbrightSchlrs,431
BBCNews,429.6
censored,428
ftworldnews,427.2
lukeroxas,426
freepressunltd,426.0
CarelMohn25,425
paavan11,424.8
MaryDimino,424
IRP_media,424
KimberleyeLeo,423.6
FilmID_,423
ATCupdates,422
AdNews,421.2
Rove,421.2
patriciakitchen,420.0
Mojojohanna,419
DemocVoiceBurma,418
kvasinka,418
stilgherrian,417.6
wsjCMO,415
Journalism_360,415
StoranPhoto,414
WillOremus,414.0
chloe_travel,413
OrganicConsumer,411
xshularx,411
PalestineCenter,411
Luisamneubauer,409.2
WeAreWikipedia,408
loubuck01,407
i4harold,406
BostonGlobe,405.6
EmilyRNunn,404
sjwilliams,404
Bahrooz,403
FortuneMPW,403.2
BBCNewsAus,402.0
Techland,401
PressPassMe,401
marionnestle,400
BBCScienceNews,399.6
AJIIndonesia,399.6
FactCheckJohn,398
abcbrisbane,398.4
wikimonuments,398
guardian,394.8
weirdnews,394
OfficialTMAS,394
FourthEstateOrg,392
amyfiscus,390.0
pgreenberger,388
AFPcom,388
glamour_fashion,388.8
alisavage,387
JAMSADR,387
AskATravelPro,386
Michael_Yon,386
LDNfashion,385
BarryDonegan,384
jppereira0,384
Great_Photos,382
elpais_deportes,381.6
BrucePannier,381.6
journtoolbox,380
UpSearchBI,379
NMENewsFeed,378
Soulseedscoach,377
wiccanchicken,376
JakeBenRichards,376
summify,376
AllAboutNJ,374
JonMorterMusic,374
thestar_rage,373
resourcemedia,370
Angloinfo,369
didlauras,369.6
chowleen,368
FT,366.0
Horacio_Cartes,364.8
jeremybowers,363.6
JBuchananBKK,359
bbchealth,358.8
PokemonGoNews,357
futurism,357.6
LCRWnews,357
chinaSMACK,356
Thai_Talk,356
mranti,355.2
LeightonDaily,355
Salon,354.0
nypost,352.8
RevTranscripts,352
johnbarrington,351
rdkugelvr,350
UNLibrary,350
p_desormeaux,350
MTT_News,350
michelleprice36,349
latimesphotos,349.2
chris_mandle,348.0
CNN10,346.8
HDNER,346.8
thebaltictimes,346
iimag,345.6
kasiababis,345
JoshTANoble,343
CNNSocialDesk,343.2
_PeterHunt,343
CBSTopNews,341
2famousTV,341
norton_tim,340
WSJMoneyBeat,340.8
Fox411,340.8
CatherineDeveny,339.6
indy100,338.4
JacquelineMaley,337.2
helen_nisbet,337
PublicityGuru,335
ACANU_Geneva,334
Tburgeswatson,333
insideCyberbuzz,333
carmenfarwell,332
MentorForHire,331
MizzimaNews,331.2
PhilHackemann,331.2
OximityLGBTQ,329
NenaDarling,328
dearclarissa,327.6
NewsLiteracy,326
luisassardo,325.2
newbloommag,319.2
thinkprogress,318
BenSorensen1,318
chang_ping,316
StephaneLagarde,314.4
sdmattpotter,314
janelasky,312
EricScherer,311
LowellSunNews,309.6
dariansymone,308
Tripatini,307
AB_Chapman,307
rightsinrussia,307
latimesbooks,307.2
lyndalcurtis,306.0
KristinGrogan,304
IndySport,301.2
forjournalism,300
LaurieOakes,300.0
liliasaul,299
FoxNews,295.2
JornalOGlobo,295.2
PoliticalTicker,294
NetworqScience,292
toolotheday,291
RWW,289.2
agranado,288
pietrobose,288
Limericking,287
Film_Television,286
ileporquerolles,284
TheBrightsideHP,283
Allison_Joyce,281
liangxiaojun,280
cinnamon_carter,279
axelhumlesjo,279
AgnesBun,278.4
JapanRealTime,278
retepiuitaliatv,277
bermudezlievano,275
ftfinancenews,274.8
theRCLblog,274
formyths,274
Truthdig,274.8
AdiantMedia,272
WikimediaItalia,272.4
GuardianEdu,271
helenag,270
DonEvansWm,269
HusaJaakko,269
London2012,267
wbracciano,267
guardianculture,265.2
FEC,265.2
GuardianTravel,264.0
ANAFlightInfo_e,264.0
Wikimedia_Fr,260.4
labourstart,259
owenbowcott,256
DailyESSEX,256
MSavarese,254.4
BBCMarikoOi,254.4
carlajimenez9,253.2
SalventrexSales,252
TheSAnews,248
auliadam,248
A_M_L_,248
Greatvine32,246
Number10cat,246
politico_45,245
AfpFactual,245
EasternEuropein,243
teiseiinfo,242
MuhammadSmiry,242
pussyrrriot,240.0
CNNEEfans,240
OtaFineArts,237
sergivicente,233
Gawker,231
IsabelCoutinho,229
MusicFromTheUK,225
Eaglenewssocial,225.6
KremlinRussia_E,224.4
alexdesanti,224.4
PavinKyoto,224.4
pavel,222
rauljustelores,221
TehranBureau,220
RosinaWilson,219
France24_fr,219.6
opiniojuris,218
nickygumbel,216.0
DailyYORKSHIRE,214
TheWJP,214.8
MaanNewsAgency,213
fubiz,211.2
RWMann,209
Le_Figaro,208.8
worldsoccertalk,208
Demotix,206
vpougy,206.4
FreeThePressNow,206
JulienPain,204.0
TomJensen1966,202.8
rivernewstc,197
rufsure,194
MariekeNOS,193
CNNEE,193.2
jfowks,193.2
mediaguardian,192.0
GdnPolitics,192.0
fouadyoucefi,192.0
WahyuDhyatmika,192.0
guardianfilm,190.8
KyloR3n,183
StocksDiva,182
BBCJournalism,180
TheInterceptBr,180.0
gcaw,180.0
wangtiancheng01,177
palestine,176
oursocialtimes,173
stevenmorris20,172
Honevo,172
LucianoAlvarez,171
evangelion_co,170.4
PunditFact,169.2
MRCPromotion,167
camposmello,165.6
JMF1957,161
timesfactcheck,160.8
Marina107,159
amietsang,156.0
editeestrela,156
ajcampos01,151
pankajdasseo,150
Trans_Literacy,149
hkcnews_com,148.8
bbceducation,145.2
HackneyHouse15,143
EmmaLequeux,143
agneschan,139.2
MangalSenacha,137
metik,134
Shamaylehn,132
Visual_Thinking,132
WineRestaurants,129
couve,126
el_pais,124.8
imandnugroho,123
KCNAWatch,120
TW_nextmedia,114.0
AndrewMMacLeod,110
csadaba,107
PhillyLinked,105
wikimedia_cl,104.4
HKfighter,103
now_News,100
DannyBDesign,100
hnjhj,100.8
StarsofPaid4,98
EagleNews_HK,94
insider_page,91
anaestela,90
JulesDrmnn,87.6
mna_roc,87
AnonymousPress,84
neilslorance,82
zzp_vacature,80
SmallBiz_Asia,74
elpaiscatalunya,74.4
Wikimedia_mx,73.2
postimees,73
greensavers,71
standardregular,71
italian_info_,69
GanaderiayAgro,67
Jornalistas,67
Vsoundsofficial,62.4
motions_cat,54
japantwo,53
JAL_Official_jp,52.8
GOVuz,50
Tokyo_dogpillow,47
micungengyi,46
AnneSeften,46
PLANETS_10,45
PanSci,44
DwnewsDWnews,40
toret,38
_Woman_health,37
mediacademie,35
topitmedia,35
Ghonim,27.6
HKGoldenforum,27
kyodo_official,26.4
apjvalk,25.2
yamebun,24
47news,21
french_info_,18
inmediahk,15
VJMediaHK,14
localreefer,11
user,1
bbcchinese,0.0
SCMPChinese,0.0
newsgovhk_cpr,0
cnewsgovhk,0.0
Chicago_Buzz,0
SapaBrands,0
GustavoSBR,0
semiha__sahin,0
german_info_,0
EgyPresidency,0
pangjiaoming,0
QiaoMoo,0
itwitting,0
Voaburmese,0.0
RFABurmese,0.0
jrnlsm,0
leastUsedEmoji,0
nyt_diff,0
tbs_news,0.0
maxhattler,0
