ElenaChernenko,15149.8
maxseddon,14058.984487424912
Lucian_Kim,12270.89497656611
BearMarketBrief,10919.181102783727
thebell_io,9756.716600107933
JohnsonRussiaLi,9602.239491699469
ASLuhn,9199.240486387274
MoscowTimes,8626.747640108259
ArtyomLukin,8350.140373096012
ARoslyakov,7623.953581094462
Reevellp,7390.769978216384
MarkGaleotti,7302.934002244372
csiserep,7179.4481186907315
SabraAyres,7177.6607984093
mbk_center,7095.534123585194
INechepurenko,7051.312067910676
olgatokariuk,6918.243767207097
mashant,6756.05048518054
russia_matters,6649.696321505047
ukrainedesk,6510
mjluxmoore,6409.3809390178085
Nat_Vasilyeva,6191.087794432548
ForeignPolicy,6174.979209514441
russiaprofile,5935.966866335786
EUvsDisinfo,5763.607922912205
felix_light,5659.23485367106
bneeditor,5614.320036708474
GicAriana,5487.746527990211
JakeCordell,5458.814607222317
SimonOstrovsky,5439.556511980989
TarasKuzio,5412.36918608489
dashalitvinovv,5316.400214132762
meduza_en,5283.88079687978
scrawnya,5263.884560036966
marcbennetts1,5150.656087488529
osetinskayaliza,5067.103882971552
jason_corcoran,4979.192887733252
samagreene,4942.341174671154
AndrewKramerNYT,4861.128372591006
annanemtsova,4764.400045885592
fa_burkhardt,4697.133381741369
sia_vlasova,4599.886408343785
StateOfUkraine,4573.824044050169
ponarseurasia,4494.6877374636315
leonidragozin,4431.534121064096
BenTavener,4425.787786784949
CatherineBelton,4385.353854389721
Dpol_un,4330.132166695191
pravolivo,4249.588170836359
MaxRTucker,4244.264438666259
PowerVertical,4184.2487916794125
Andrew__Roth,4170.117525909301
lauraphylmills,4162.797861244967
_KremlinWatch,4119.163486222831
Interpreter_Mag,3971.440913591656
PolygraphInfo,3966.5781980319803
KyivPost,3956.8015842629875
kozlovsky_en,3918.064061521953
CodaStory,3908.387396757418
PacificForum,3890.4
EmilyCSherwin,3886.043094300873
OCMediaorg,3880.3220447284343
Kateryna_Kruk,3826.0932866855896
EuromaidanPR,3749.510980953233
shelomovskiy,3727.2875497093914
MollyMcKew,3725.7068971418794
themoscownews,3693.067704946089
russianlanguage,3642
edwardlucas,3597.092349329989
KremlinRussia_E,3570.6449169946945
RFE_RLNEWS,3549.3192195789834
Carnegie_Europe,3548.9916958215063
hwag_ucmc,3546.1877026613643
RussiaNow,3544.0382615401563
Poynter,3478.9320483200213
bneintellinews,3473.537182624656
Rudnit,3457.548363413888
JuddLegum,3454.5848730498624
DumontPhoto,3427.126973080453
ianbremmer,3377.5024093999605
spectatorindex,3359.8233251758948
grudkev,3330.140621256204
georgikantchev,3314.317970220777
Liveuamap,3312.442551238911
ikhurshudyan,3248.9176792743456
yuliagorbunova_,3226.1042520648516
gabrielletf,3197.3930253900276
Euan_MacDonald,3153.9817730617833
rightsinrussia,3119.9561308802467
NatashaBertrand,3050.247555315704
biannagolodryga,3043.3213656686085
fatimatlis,2990.737373814622
BarclaysBankUS,2973.6
THECITYNY,2971.2
crmiller1,2971.4938644531917
myroslavapetsa,2964.464189055383
runetecho,2945.629795044356
olyatanas,2938.793718979976
XSovietNews,2934.4492658305294
CNNPR,2928.0
GWBLibrary,2926.8
KatyaYushchenko,2916.549862343224
maxvkarpov,2914
nicupopescu,2913.226536405043
thinkRUSSIA,2893.4211193125484
davidpwhelan,2893.6596006475984
BarentsNews,2888.1612356666096
ElenaHolodny,2883.758488487386
SergeyPonomarev,2880.8108786058488
SpaghettiKozak,2861.366164411644
nknewsorg,2843.3763710849744
eurasianet,2833.3702814316302
cbs11jack,2805.6
nytimesworld,2801.267731629393
RolandOliphant,2801.340233678791
foxheadlines,2794.8
I_Katchanovski,2785
WeAreUkraine,2778
MaidanOnline,2763
CFR_org,2751.7706962094057
dpeleschuk,2750.102581028451
MassDara,2745.7573763477667
ForeignAffairs,2716.9908521863545
CSISEurope,2712
SashaIngber,2695.2
Stratfor,2688.3586206896553
Sputnik_Not,2674.3138376383763
svitlanaza,2668.0640256959314
RichardBarrow,2662.8
PostSovPolitics,2648.5450287755507
Glenndiesen,2645.291287953959
FinancialTimes,2645.0301726946886
wolfblitzer,2644.8
politico,2638.399784133837
UnitedforUkr,2637
CBSLizpalmer,2636.4768430712757
opendemocracyru,2626.5600718808832
ser_ou_parecer,2624.894876108902
SimTack,2618
wiczipedia,2605.942566534108
gzeromedia,2577.2661305990287
knightfdn,2556.9404073250043
Russian_Starr,2547.2433031883293
SNalobin,2541.1597003415227
DFRLab,2541.715295197308
Stuart_JW,2506.841480666457
nprpolitics,2504.7686350115678
oflynnkevin,2503.9951284796575
ichbinilya,2495.603020801468
PaulaChertok,2470.117681248088
abdujalil,2469.0647751605998
KiritRadia,2454.32408993576
akarlin88,2446.181850077015
gerryshih,2428.001437748547
k_sonin,2413.403236667753
EvelynNFarkas,2412.7309574793517
MakichyanA,2402.933270580181
GovernmentRF,2400.9103818295625
DajeyPetros,2381.6735698990515
evn_report,2367.052164058284
olacicho,2366.9328846742123
james_acton32,2351.6017516800707
ftvideonews,2345
AFPASIA,2339
gavyndavies,2338.8
tassagency_en,2319.3260484664224
mariasdanilova,2318.2423658327284
ScienceMagazine,2312.4
natasedletska,2308.8313684071554
ua_intelligence,2306
NTenzer,2306
FluGov,2305.2
laraseligman,2305.2747178031555
brianmrosenthal,2295.6
shashj,2267.408745417151
frontlineblog,2266
JobsPage,2258
KleptocracyIntv,2257.872914244836
cjf39,2250.0
aliarouzi,2224.790562863261
kalenskyj,2223.7376567757724
HarrietSalem,2214.2615019883756
NewYorker,2208.8420845456103
ANTAC_ua,2208.447395867714
IISS_org,2207.3743307260106
BBCMonitoring,2203.2
BelarusFeed,2202.513024131439
hdevreij,2202.6795350260018
EVerastegui,2197.2
kolga,2189.7675729311372
tnAlerte,2188
stephenkinzer,2180.2899336133314
jmacrodgers,2179
AgniaGrigas,2178.800955949832
carr2n,2176.8
MediaShiftOrg,2169
IAPonomarenko,2156.09991442752
HooverInst,2148.0
AP,2148.9813245640867
uacrisis,2138.3877483662286
EurAsiaStudies,2135
YuanfenYang,2130.783672770837
JonathanLanday,2124.6625903939557
PoliticalTicker,2111
SaoSasha,2106.5222745165156
PDChina,2100.0
rorychallands,2096.9779060874885
AgatheDemarais,2093.8922368242784
cliffordlevy,2089.422149691496
jotted,2082.0
Cirincione,2075.3010043610416
AnnLeesays,2073
futurediplomacy,2062
tortoise,2048.9552462526767
UNWebTV,2046.0
NPR,2046.8494340776997
EM_Equity,2044
rprose,2042.4292061792596
alesherasimenka,2037.373279290303
joshuawongcf,2034.0
humeyra_pamuk,2031.6
ICIJorg,2028.9500305903946
wang_seaver,2026
RoFreudenstein,2024
AKurmanaev,2019.3509100642398
ThinkAfricaFeed,2009
EP_President,2008.8
DrudgeBuzz,2002
zeynep,2001.4054525051158
rdfemmott,2000.4
SamTLevin,1999.2
b_nishanov,1997.87340407325
RussianSphinx,1994.0147455959939
Toal_CritGeo,1989.4346568543556
readercenter,1977.6
ConversationUK,1963.0635717953105
MRohava,1955.679667978778
katiedavies91,1951.4602943693308
AFP,1950.167799854776
ksadjadpour,1946.6242309767945
agearan,1943.4818767683118
MartensCentre,1935.6
AP_Europe,1933.7507987220447
EtoBuziashvili,1931.0297644539614
nakashimae,1931.3614628028254
KassenovaNargis,1928.219334609545
Mr_Alhamdo,1927
NateSilver538,1925.2038338658147
magnitsky,1918
NSF,1911.6
melbournecoal,1909.2
BirdFluGov,1903
MarcChampion1,1895.1638802750438
IsraelinUSA,1886.4
RohdeD,1884.7893484868507
axios,1882.2808425584255
gregmyre1,1874.4
Archer83Able,1873
Avaaz,1869.6
openDemocracy,1868.9083052921383
ReutersLisaRx,1867
Graphika_NYC,1867.8553992046498
AzmatZahra,1861.6498584333287
ChuBailiang,1859.7392329456145
nickrizzo,1857
The_Corres,1857.8964856230032
edyong209,1851.6
ErikWemple,1850.195327742598
brianweeden,1846.270588235294
JenniferPreston,1846.8
zakavkaza,1844.921110730789
CathTechTalk,1843
evadou,1842.0
AirPano,1841
EU_Commission,1834.8695992179864
relucasz,1827.000171203561
FullerProject,1825
intelligence2,1819.2
GreenSquareAC,1817.3159070052004
panyiszabolcs,1816.263000917712
lawfareblog,1815.2100948302234
aminterest,1814.4
tufkaa,1814.157188742735
eucopresident,1807.957172090567
kakape,1804.8
gkates,1803.7745065680904
holymolya,1802.139855137262
willmauldin,1800.0
adamvaughan_uk,1800.0
BulletinAtomic,1800.0196906018064
USAGMgov,1794.0
CNNnewsroom,1790.4
soapbox_soapbox,1784
restofworld,1780.8
PikettyLeMonde,1779.6
Quicktake,1774.8
HIVGov,1773.6
AKMcGlinchy,1767.6
jacobinmag,1765.0369757667888
hancocktom,1755.6
caixin,1755.6
insideclimate,1752.0
spj_tweets,1748.4
TurkishPolitics,1748
BryzaMatthew,1747.3085220146545
timkmak,1743.6
JuroOsawa,1743.6
dwnews,1738.8
VeruVichova,1736.0185161898773
RorySmith,1734.7148082915594
kimgamel,1734.0
v_madalina,1733.768649234521
MelissaFleming,1731.6
suelinwong,1729.307343178431
fabrice_deprez,1727.8334930686292
FullFact,1726.8
risj_oxford,1722.5543591312328
SkyNewsAust,1719.6
BBCtrending,1719.6
KirkseniyaSF,1712
DrLeoStrauss,1707.9571081636466
Fidelity,1705.2
BBCr4today,1705.7135657651786
p_zalewski,1702.5491434689507
EPPGroup,1701.6
julianbarnes,1701.6474315761088
hannahdreier,1694.4
nytmike,1694.4
therockyfiles,1689
esmolar,1688.7512046999802
CarlNasman,1686.0
AlArabiya_Eng,1681.2
FreeThePressNow,1680
RenewEurope,1678.8
usembassysweden,1677.6
Politics_co_uk,1677
GaryRSilverman,1676
RaniaKhalek,1670.4
NicoleCNN,1668.0
RTS_media,1668.0
Russian_Defence,1666
joannalillis,1666.7922107069774
RobDemovsky,1665.6
GettyImagesNews,1660.8
lydiatomkiw,1658.3270877944326
Adbusters,1657
JulianRoepcke,1652.0096512695013
ChuckGrassley,1651.619532179199
Olesya_vArt,1646.7451208320588
Equinor,1645.2
just_security,1643.268167722799
UAC_Russia_eng,1642.8
benpauker,1641.6
timjudah1,1637.5135520496403
blakehounshell,1635.5933621154884
the_ayeminthant,1635.6
reidarvisser,1632
EServettaz,1631.2159299479963
theintercept,1630.3335463258786
aliya__ram,1627.051705541324
PatrickKingsley,1627.6233698442581
HighNorthNews,1625
AlexWardVox,1618.8
LawLibCongress,1618.8
UniofOxford,1617.6
ymatusik,1617.0749358206401
TransitionsMag,1617.2637503823798
RyanLizza,1613.837386018237
EspionageNews,1611
MSNBC,1611.6
Jerusalem_Post,1610.4
mannteufel,1609.1804781315413
JenniferJJacobs,1608.7696349594032
BillGertz,1606.8
Den_2042,1605.681783420006
WashingtonPoint,1604.4
CJR,1601.960895108588
MGongadze,1600.915228727969
AmyKazmin,1598.4466874407262
TheWorld,1597.2
WisconsinWatch,1597
HugoGye,1594.8
QuantaMagazine,1594.8
MissileMonitor,1592
WSJPolitics,1587.6
bioGraphic,1587.6
France24_en,1586.2574311926605
keegan_hamilton,1586.4
DaveKeating,1584.0
NataliaAntonova,1584.6236616702356
amyyqin,1583.3199469450624
RyskeldiSatke,1581.0475674962045
gavinhewitt01,1578
perlberg,1575.6
mmcintire,1574.4
MilitaryHealth,1574.4
starsandstripes,1569.6
BBCJamieCoo,1568.4
ejcnet,1567.2
TheOrwellPrize,1566.0
BethanyAllenEbr,1564.9204037393306
andrewkeh,1564.33276570255
IvanCNN,1562.5126338329765
nytimesbusiness,1561
ThreeSeas24,1560
IJNet,1556.4
CivilGe,1556.1951973080452
xaviercolas,1556
RT_1917,1555.4000178842887
voxdotcom,1553.0364790455797
Le_Figaro,1552.8
HelenBranswell,1551.6
TradeGov,1551.6
VPetreski,1550
jane__bradley,1550.6198014718466
frontlinepbs,1548.0
artarchi,1540
TheNatlInterest,1540.139060982191
HISTORY,1539.6
BNSLithuania,1538.4
USATODAY,1538.4
edokeefe,1536.2424242424242
BobMooreNews,1533
cntrentF24,1530.0
notesfrompoland,1530.9254512083205
newsjean,1528.557684683494
BuchananLiz,1526.7925243673433
evangershkovich,1521.069516671765
panphil,1520.2539164922332
WSJecon,1519.2
LotteLeicht1,1519.3434842459467
George_Friedman,1518
Pynnoniemi,1518.2905781584582
Fahrenthold,1517.7960229602297
bradleyklapper,1516
TravelGov,1515.6
USEmbassyRiga,1514.4
NickJMButler,1513
AP_Oddities,1510.3139298892988
StLouisReview,1509.6
elizabethjdias,1509.6
cnni,1507.7615172835729
gregggonsalves,1506.0
edwardwhitenz,1503
AP_Politics,1503.6
LauraStarink1,1503.4827148350175
DailySabah,1503.6
melissakchan,1502.4
Reddy,1500.0
andreilankov,1500.6940959409594
WoodwellClimate,1499
CharlesSchwab,1497.6
StefSimanowitz,1494.0
muradahmed,1494.0
ChasLicc,1494
vihargg,1492
Openly,1491.6
pugaciauskas,1486
TheHackersNews,1485.6
shannonpareil,1484.4
TribLIVE,1483.2
H_Lev,1483.2
MsHannahMurphy,1480.8
samjoiner,1480.8
juliaoftoronto,1480.8
ericgeller,1479.2156072419716
alisaesage,1479.2156072419716
briankrebs,1478.4
cnnbrk,1478.2801468338942
HorsleyScott,1477.2
PolarInstitute,1477
jnoisecat,1477.2
PoliticoRyan,1475.8281515246777
joelvanhoudt,1475.725919904159
jardemalie,1472.5613896970735
CyberStatecraft,1471.2
CANVASNVS,1471
PLnewstoday,1470
baltic_defence,1467
WPReview,1466.5726341302193
Jonnyhibberd,1463
WeatherSarov1,1462.0129556734555
htTweets,1461.6
johnlansing,1461.6
Telegraph,1461.4336494340778
GretaThunberg,1460.3807433465893
olliemilman,1458
GPFutures,1457
MiriamElder,1457.6589345831408
alexebarker,1456.238303896454
CNN,1455.4300648298217
elpasomatters,1455
AKpublicnews,1454
TheLocalGermany,1453.2
CoreyFlintoff,1453.0104007341695
danya_turovsky,1451.9139139813942
kiranstacey,1449.6
thomas_m_wilson,1447.2
the_miscellany,1447
colleenwood_,1443.2842167799854
tjrkent,1442.198493458438
dnvolz,1440.0
OrbisBIOfficial,1435.1412410242515
innercitypress,1434.0580911593759
EUCouncil,1433.2902390657707
emilyctamkin,1432.477340407325
wirereporter,1431.8915488397195
AlexValchyshen,1427
alenapopova,1427.203123395516
Pol_Cap,1423
TRF,1423.9185836863255
nickconfessore,1422.0
TexasTribune,1420.8
lorenzofb,1419.6
mlcalderone,1417.2
Harpers,1415.211246200608
AlexRPigman,1414.8
RobertMackey,1411.9727765296684
CDC_eHealth,1411.2
LukeDCoffey,1410.0
MacaesBruno,1409.9543560230204
kjovano,1409.8412511471397
onewmphoto,1408.8
MddeH,1408.8250764759866
dandeluce,1406.4
Interior,1406.4
TanyaKozyreva,1406.6825328846742
nytimesphoto,1404.0
RealClearNews,1404.0
EURACTIV,1404.5767207096972
AlexanderSmith,1402.8
BelarusDigest,1400
jsphctrl,1400.4
BuzzFeedPol,1400.4
maxlinsky,1400
WSJworld,1399.0543130990416
RusArtCulture,1397
NOAAOceanToday,1394.4
AlMonitor,1392.4131678359417
CivilNetTV,1389
CBCNews,1386.7686670264436
DHSCgovuk,1384.8
NaveedAJamali,1382.4
JO_Smirnova,1382.3709551785596
SorchaPollak,1381.2
anticorruption,1380.227112581597
moscow_project,1378
KerstiKaljulaid,1378.8
Roger_Moorhouse,1375.2
bmroue,1372.8
abexlumberg,1371.6
bcsolomon,1369.2
suzannelynch1,1369.2
RBReich,1368.0
euobs,1368.7772922305103
congressdotgov,1365.6
firstdraftnews,1364.1438905180842
v_vuksanovic,1363
Europarl_EN,1363.5133832976446
eurotopics_en,1361
MichelleLhooq,1358.4
JTAnews,1358.4
markhertsgaard,1358
KGeorgieva,1358.4
sfchronicle,1356.0
sarahkaplan48,1356.0
JoshKovensky,1354.0372285102478
csmonitor,1353.6
DavidBarboza2,1352
byjayroot,1352.4
TheoTypes,1351.2
sgehlbach,1349
EU_UNGeneva,1348.8
publicintegrity,1347.6
DrewOCCRP,1346.7767527675278
WaPoSean,1346.4
bpolitics,1345.2
aronlund,1342
jbsgreenberg,1342.8
ZidanSports,1342.7372285102479
maxwelltani,1339.2
NatGasWorld,1339.2965432854085
BarryWhyte85,1338
WSJ,1338.811182108626
niemanfdn,1338.0
NikolajNielsen,1337.1907311104312
WHO,1335.0849189354542
Josh_Gabbatiss,1334
EasternEuropein,1334
NiemanLab,1334.3769039876775
KenSilverstein1,1333
BelarusPolicy,1333.3220605853157
josephax,1333.2
KenDilanianNBC,1330.1082006505735
aurabogado,1330.8
DisinfoEU,1330.8732945855002
WFAAJayWallis,1330.8
rollcall,1329.6
tim,1329.1485512834638
ipsnews,1329
WSJbusiness,1328.4
bydarrylfears,1328.4
itsjina,1322.4
joshchin,1320.0
SchoofsFeed,1319.136645962733
mega2e,1318.8
barneyjopson,1318.8
Charles_Hecker,1318.5542529522506
drshow,1317.6
TheLocalSweden,1317.9172509225093
pdacosta,1315.2
NextCityOrg,1315.2
JacobKushner,1311.6
Sammy_Roth,1311.314832662222
Cisco,1310.4
UCL_EI,1310
EricLiptonNYT,1310.6197301672962
EduConnection,1308.0
TKavulla,1308.0
susannecraig,1306.8
austinramzy,1305.896132123909
mikeallen,1304.9612715729231
ambassadorbrief,1302
cward1e,1300.8
alexcampbell,1300.8
emilycadei,1300.8
PlattsOil,1298
WesleyLowery,1294.8
sapna,1294.8
brezaleksandar,1294
ally_harp,1292
cbschicago,1291.2
mattbuxton,1290
KCLSecurity,1289
CraigMurrayOrg,1289.9904189242764
NPRjobs,1287.6
bbcpress,1286.4
kavehwaddell,1286.4
VaticanNews,1286.4
nplusonemag,1285.8797907538228
JKynge,1284.0
HodaAH,1284.5454267360049
OsmundsenTerje,1283
TheBrowser,1283
GuyVanVlierden,1282
AJEnglish,1281.9090228048915
adityakalra,1280.4
gdebenedetti,1280.4
OSCE_RFoM,1280
rwmcmorrow,1279
IMFNews,1277.77124600639
columlynch,1276.5408945686902
SkyNews,1276.6166612360162
JustinWorland,1276.8
JonahFisherBBC,1276.1221780360966
CMSennott,1275.6
KattyKay_,1273.2
DisinfoPortal,1273.2
bobdavis187,1273.2
kemettler,1273.2
JohnCassidy,1271.8357946077767
BrianSimsPA,1270.8
WaraxAndNatasha,1270
ShoebridgeC,1269
michaelluo,1269.6
andreivaitovich,1268
RonanFarrow,1268.0774193548386
YahooNewsAU,1267.2
Reuters,1267.6989293361885
damienmcguin,1266
CenterForBioDiv,1265
michaelcrowley,1264.756838905775
politicshour,1263
SenSasse,1263.6
annaknicolaou,1263.6
WrightUps,1263.6
iA,1261.2
JohnBranchNYT,1261.2
NiemanReports,1260.0
CraigSilverman,1258.8
MishaGlenny,1258.6647791120415
RT_com,1257.936655884877
RoryCormac,1256
wrmead,1256.4
USDOL,1256.4
cryopolitics,1256.3184922129044
noorimages,1255.3026194144838
mattzap,1254.0
adam_tooze,1253.1539620058188
stavernise,1252.5220709697155
MorningEdition,1251.6
BrookingsGov,1251.6
CBSNews,1249.4860766324878
GrandCanyonNPS,1248.0
susarm,1248.4722687966203
sisterwalsh,1247
markriceoxley69,1247.6937136739064
Energy4Europe,1246.8
benyt,1246.4793764459623
ICSR_Centre,1246.8
RT_America,1246.8
Bing_Chris,1245.8799620647608
RussianSpaceWeb,1245.4242955372792
meier_oliver,1245
Joseph_Marks_,1243.2
TelegraphBooks,1243.2
JoshNBCNews,1242.0
jodikantor,1242.0
AaronMehta,1242.0
VictorPPetrov,1241.7588235294118
BBCBreaking,1240.9585793357933
thejointstaff,1239.6
SaraStefaninii,1238.4
IrinaGalushkoRT,1238.3619135720894
VICETV,1237.2
danielashby,1237.331310970392
AmbKennedy_ret,1236.1623364609488
katiestallard,1235
chucktodd,1233.6
OleSolvang,1232.953028449067
AmyAHarder,1231.2
AlexSanz,1231.2
PostRoz,1231.2
BBCWorldatOne,1230.0
IgorEronko,1227.6
SMPAGWU,1227
Helenreflects,1227
DefenceHQ,1226.4
TelegraphWorld,1225.2
PolishEmbassyUK,1225.2
Nat_Herz,1224.0
BloombergTV,1224.818111171074
YesCalifornia,1222.8
EvanMcMullin,1221.6
rubycramer,1221.6
JaneFerguson5,1220.4
Stefan_Laurell,1219
Emily_Baum,1218.0
abarden,1216.8
evanoconnell,1214.4
cdcshepherd,1214
replyall,1214.4
lewis_goodall,1213.2
laurahelmuth,1212.0
JustinElliott,1210.8
themadstone,1210.8
UE,1210.8
katestarbird,1210.8
Waterstones,1209.6
WendySiegelman,1209
MiddleEastInst,1208
Conflicts,1208
DrewHolden360,1208
defense_news,1206.0
adrianblomfield,1206
EmilyPasser,1205
mmfa,1203.6
KarimTalbi,1203.2871968567945
thesundaytimes,1203.6
cijournalism,1203.2184383603549
karentravers,1202.4
EPP,1202.4
amnestypress,1202.4
markets,1201.2
timurkuran,1200
katetaylornyt,1200.0
lisaocarroll,1198.8
ahmed,1197.6
MLevineReports,1195.2
EliStokols,1195.5784968327341
IslingtonLife,1194.0
SOASpolitics,1194
Aviation_Intel,1193
Jon_Allsop,1193
NATOpress,1193.1053402864875
DJMatthewDalton,1191.6
LaurenFedor,1191.6
NYTimesGuild,1190
HC_Richardson,1188.0
CH_Events,1187
ABCPolitics,1186.8
daschles,1185.6
niccijsmith,1185.6
ClareMalone,1185.6
BBGMedia,1183.2
USAandEurope,1183.2
abcWNN,1182.0
dominicbasulto,1181
PunchbowlNews,1180
NPRKelly,1180.3928246088851
TheCounter,1178
kpoulsen,1178.4
HMSQNLZ,1177.2
ScienceNews,1177.2
rebeccanagle,1176
CaelainnH,1175
germanotes,1174.8
DemJournal,1174
FrankBruni,1174.8
EUinGeorgia,1173.6
JosephTorigian,1173
hakaimagazine,1171
patrickgjackson,1171.8844753747323
felixsalmon,1170.0
arctic_today,1170.8761766215985
rayhandemytrie,1170.8761766215985
reuterspictures,1167.711646414513
pressgazette,1167.6
MdeKwaasteniet,1166.4
AP_Images,1166.4
MinnieStephC4,1166.4
techreview,1165.2
harrytlambert,1165.2
tanyalokot,1165.567038849801
uncknowledge,1164.0
crampell,1164.0
JohnHeilprin,1164
reutersBenHir,1161.6
dats,1160.4
hugolowell,1159.2
SwissMFA,1159.2
cnalive,1159.2
TheRealNews,1159.2
gabrieldance,1156
FrankeBenedikt,1154.4
Bloomberg,1154.1475707832985
ReligionReport,1154
JSKstanford,1153.9986821838097
johnwendle,1153.9148057509942
RojavaIC,1152
HICathHerald,1152
japantimes,1150.9266938415776
MTPFirstRead,1150.8
engcrimerussia,1149.5974246624342
Lufthansa_USA,1146.0
BMakuch,1146.0
williamsmjw,1143.8011325333694
seldeeb,1142.4
lena_popina,1141
nathanielpopper,1141.2
AP_Planner,1141.2
themarkup,1138.8
maureenmfarrell,1138.8
business,1138.1914805750994
HayesBrown,1136.6491667795692
gabrielsherman,1135.2
SenBobCorker,1135.2
EBIgoldman,1134
MSCloud,1132.8
TeeMcSee,1131.6
rachaelmbade,1131.6
brendagoh_,1130.4
a_cormier_,1130.4
kennardmatt,1129
TBIJ,1129.2
SevaUT,1129.7372839294883
I_W_M,1128.0
emorwee,1128.0
rrubanov,1128.7384827164271
JobsWithUs,1127
joetidy,1126.8
MotherJones,1126.6095136127256
freepressunltd,1124.4
direkt36,1124
steveholland1,1123.2
mattbpurdy,1122.0
ErinBanco,1122.6271215237414
JamesERothwell,1121.298536710594
NatGeoMag,1120.8
LiquidNewsroom,1120
NoahRFeldman,1119.6
JohnnieMo,1118
jmalsin,1116.0
ArjaPaananen,1116
sbabones,1114
mkraju,1114.4081325500033
JFKJrForum,1112
omv,1111.2
FlitterOnFraud,1111.2
timstarks,1111.2
dvrnd,1111
glcarlstrom,1110.0
HHSGov,1110.0
ArmenianUnified,1108
KaminskiMK,1108.6361173516584
lalpert1,1108.84605204328
RefugeesMedia,1108
BJPMarshall,1108.8
jonah_kessel,1107.6
ian_urbina,1107.6
MikeBalsamo1,1106.4
clarionproject,1106
megynkelly,1106.4
maxhofmann,1102.8
ftbreakingnews,1102.8
soljourno,1102.8
gelliottmorris,1102.8869958413097
IDF,1101.6
60Minutes,1100.4
BenefitsGOV,1100.4
Rukmini,1098.0
EPAresearch,1098.0
TasneemN,1095.6
AlexCKaufman,1095.6
MirandaOCCRP,1094
npratc,1094.4
meridithmcgraw,1092.0
nichcarlson,1092.0
MSNBCDaily,1092.0
bgroothuis,1090.8
JohnMooneyST,1089.6
journalismnews,1089.6532346397398
davetroy,1087.1763548749093
firstpost,1084.8
ScratchLee,1084
j_pedneault,1083
fbnewsroom,1083.6
Johanna_Wild,1082.4
NicDawes,1082.4
GoldmanSachs,1081.2
AlbanMikoczy,1080
OSV,1080
AshleyRParker,1080.0
PatrickMcGee_,1077.6
RikeFranke,1075.8492012779552
rdevro,1075.983501743718
Walker_CT,1075.9996919390724
KaraScannell,1074.0
atanessi,1074.8854270066747
UKDefJournal,1072.8
profcarroll,1072.8
MiriamABerger,1072.8
Pogue,1072.8
adndotcom,1072.8
yayitsrob,1071.6
AJENews,1071.7431726728068
denverpost,1070.4
opcofamerica,1070.6660533972274
LuziaTschirky,1070.6660533972274
HE_Maritime,1069.2
LadaneNasseri,1069.2
statnews,1069.2
nature,1069.2
BBCRajiniV,1069.7525848883452
adamgoldmanNYT,1068.69499141007
ChrisNuttall,1068.0
ianbirrell,1068.6996788008564
davidjlynch,1066.8
TIMEWorld,1066.442761334168
yogital,1065.6
jennyhillBBC,1065.6
EuroSandor,1064
SamBorden,1060.8
cfhaviland,1060
georgiabulletin,1060
karinapdx,1060
ksengal,1060.082267727801
katiasav,1060.8
USConsLeipzig,1059.6
NewStatesman,1059.649994603346
AnshelPfeffer,1059.2235240134598
Stephen_G_Brown,1058.4
matthewstoller,1058.4
charlie_savage,1058.9795823972513
sodel_vlad,1058
wang_maya,1057
benpiven,1057.2
OrinKerr,1056.0
akannampilly,1054.8
jeremy_maxie,1054.4936187508467
rcfp,1053.6
matthewacole,1052.4
DisinfoIndex,1051
hannahkuchler,1051.9078468383443
IHSMarkit,1050
nytimesarts,1050.9785213167836
UN_News_Centre,1050.0
Tabagari,1050.8947125222787
mbieseck,1050.0
MSFTnews,1048.8
adamsamson,1047.6
costareports,1047.5834569232843
publicroad,1047.6
StanleySBill,1046
goldsteinricky,1045.2
sejorg,1045
mccanner,1044.0
N1info,1044.0
sharifkouddous,1044.0
JamieSmythF,1041
ElBeardsley,1040.4
ScottMStedman,1039.0279023615797
ellenjpollock1,1039
patrickjdo,1039.300185013876
TheAtlPolitics,1039.2
attackerman,1039.2721100917431
gabegutierrez,1039.2
Convo_ist,1038
5050oD,1037
monkeycageblog,1036.3194888178914
RealHotTake,1036
j_parus,1036.2553831936102
sourcephoto,1035
MilCathHerald,1035
DuJourMedia,1035.6
DevlinBarrett,1034.6102871781043
gabstargardter,1034.4
dw_business,1034.4
danpfeiffer,1034.4
drewhinshaw,1033.7465343145645
HannahAllam,1032.5201287668783
Disinfo_Digest,1030
FedRegister,1030.8
antozappulla,1028.4
lynseyaddario,1027.2
EUCouncilPress,1027.6363413888039
MichLKosinski,1027.2
brendanpierpont,1027
CamIntelligence,1024
francesweetman,1024
KacperRekawek,1023.4247170388498
WSJmarkets,1022.4
SwedeninRU,1021.2
nancyayoussef,1021.2
ftworkcareers,1021.2
hannahkstrange,1021
bfnewsunion,1019
typemediacenter,1019
DannyWArmstrong,1018
feliciasonmez,1017.6
degarciaknight,1016
Juncker_JC,1016
felschwartz,1015.2
NathalieThomas3,1015.2
truthout,1014
mariawilczek,1014
johnaglionby,1012.8
nytclimate,1012.8
johnson,1011
TobiasBuckFT,1010.4
SpecCoffeeHouse,1010.7981042654028
YCabreraOC,1009
RoryWSJ,1009.2
b_parkyn,1008.0
AliWatkins,1008.6639476877443
jamesfraney,1008.4482868789248
dzhozevich6,1008
JenniferMerode,1007
franblandy,1007.6311257265219
bungarsargon,1006.8
sfrantzman,1006.8
DaniellaMicaela,1006.8
theodoricmeyer,1005.6
eTurboNews,1005
hannahh,1005.6
thecipherbrief,1004.3213335979361
JuliaAngwin,1004
frontlineclub,1004.4
dionnesearcey,1003.1560756460722
Oriana0214,1003.2
nycjim,1003.8397253944155
karolosgrohmann,1002.0
akankshasxn,1002
DavidWethe,1001
rorypecktrust,1000.8
sorayanelson,1000.8
tomlobianco,999.6
emserre,999.6
seanmstephens,999.6
mongabay,999.6
Scarfolk,999
JohnReedwrites,999.2078770266137
OliverHotham,998
JoannaPartridge,998.4
SarahDadouch,997.2
CeylanWrites,997.2
JMfreespeech,997.2
wsjnoted,997.0272116337998
PeterDreier,997
maggieNYT,997.6118002447231
vtchakarova,996.7935285053929
RobinWigg,996.0
KarenaAv,996.5627867849495
grimes_ce,995
samueloakford,992.4
dailytelegraph,991.2
EconUS,991.2
iocmedia,990.0
tribpub,989
Mitrala,988.8
danapriest,987
TheLawyermag,987.6
Susan_Hennessey,986.1895223420647
ScheckWSJ,986
DyerGeoff,985
Internews,985.2
IndianCountry,984
stephenkalin,982.8
MarySibierski,982.8
daveyalba,982.8
BIContributors,982.8
adrs,982.8
grist,981.6
JackCraver,981
jonsnowC4,980.9454111002498
alison_smale,979.8976894058472
charles_watts,978.0
rajivscribe,978.0
florianeder,978.149755276843
_Borodulin,978.149755276843
fromTGA,978.743732259555
OSVNews,977
yeh1a,976.8
TeleFootball,976.8
WSJAsia,976.8
RaR,974.4
FridhKleberg,973.2
benwhitelaw,972.0
SBienkowski,972.0
Douglas_Main,972.0
DanielLevitt32,972.0
TheSchoolOfLife,970
jackiefox_,969.6
broderick,969.6
zhaabowekwe,968.4
oysteinbogen,968.3462433681328
intel,967.2
anniekarni,966.8547622273404
MenInBlazers,966.0
BenDWalsh,966.0
nationaljournal,966.0
stevelevine,966.2630825162498
ADMiller18,966.0
AsteadWesley,966.7281074658393
SkyNewsBreak,965.2142625607779
InesdLC,964.8
Rana_J01,964.8
JennaMC_Laugh,963.6
guardian_sport,963.6
frittaker,962.4
ozy,962.4
the_point_mag,960
christinezhang,959
emileegilpin,959
louiseelisabet,958.8
thecrimson,958.8
usconsulatekhi,957.6
markondefense,956.4
energyintel,956
CMDSatCEU,956
AlyssaNewcomb,955.2
jedwardslaw,955
E_Hellerstein,955.2
l_e_whyte,955.2
StephNebehay,954.0
coracurrier,954.0
aprilleticia,953
ravinessman,952.8
RICatholic,952
wilsonjamie,952.8
marialaganga,952.8
ShiraOvide,951.6
katiejmbaker,949.1804101457096
studyhallxyz,949.3590621256204
BBCSanjoyM,948.0
edwonkkimmy,948
HannahBloch,946.8
CamillaHodgson,946.8
EliasGroll,946.8
n_ost,946
iron_emu,945.6
Latvian_MFA,944.4
AnnLinde,944.4
OpsBbc,943
kmac,942.0
dvorsky,941
JeanneWhalen,939.6
KateNocera,939.6
MehreenKhn,939.1922300397675
SecPritzker,939.6
CollinEatonHC,939.6
GUAlumni,938.4
katienotopoulos,938.4
Salman_Shaikh1,936
CESS_news,935
fcaidan,934
dguttenfelder,934.219883684376
ArmsTreaty,934
aurelienbrd,934.6709926583053
eszterz,934.9806056898134
UROCKlive1,933
RajaAbdulrahim,933.6
JoshuaHoyos,933.6
TamerELG,933.6
polly,933.6
YahooCanadaNews,932.4
KMTorralva,932.4
ForeignPressCtr,931.2
LV_Anderson,931.2
evan_greer,931.2
EmilyBeament,930.0
BarendLeyts,930.0
gavreilly,927.6
ibarguen,927.6
StephenGrey,927.6
rmilneNordic,927.5816367803694
reenaninan,924.0
vpkivimaki,924.9221752345711
EmanuelStoakes,922.8
HousseinAk,921
TomStub,921.6
lesliehook,921.6
AsymmetricalH,921
madhumita29,920
BreakingCoDotUK,920
danielchaitin7,919.2
dave_brown24,919.2
ARMcChesney,919.0913261200036
mideastmargaret,919.1870143774854
CBHessick,918
salpighazarian,917
olgs7,917.0812022025084
Dimi,916.8763027431971
CandaceSmith_,915.6
lfrayer,914.4
gregorydjohnsen,914.3279370952821
NYTInteractive,914
scott_abbie,913.2
gavonl,913.2
weathernetwork,913.2
davelevitan,913.2
steffanwatkins,912
TheProspect,910.8
lorengrush,910.8
RobPulseNews,910
piescarcega,910.8
KFaulders,909.6
AviationWeek,908.4
aqbyrne,907.2
alessaprentice,907.6384183774506
JoshuaGreen,906.0
democracynow,906.0
ivorprickett,905
tarangoNYT,903
zteirstein,903
ABC,901.2
derekjGZ,901.2126473504462
thetimes,901.8455436818332
ABCInvestigates,900.0
somakghoshal,900.0
weeklystandard,900.0
OCLPHK,899
khaddon,898.8
dariussnieckus,898
adrjeffries,897.6
MalcolmMoore,897.6
adribuller,897
BGrueskin,897
tabletmag,896.4
FarangisN,895.5620486051686
sdut,894.0
CTBTnow,893
AliceLagnado,893.256538503911
MichaelSkolnik,892.8
EFJEUROPE,891.6
PieroCastellano,891
harvardiop,890
KangHexin,890.4
InaRuck,889.2329881909977
FulbrightSchlrs,888
YosemiteNPS,888.0
pressfreedom,888.8164235263054
jakeadelstein,886.8
forbeesta,884.4
IAIonline,884.4
Kevind04,883.2
NathanTankus,879
daveweigel,878.4
DavidClinchNews,877.2
nprworld,877.2
katriotic,876
MailOnline,876.0
sarahussein,874.8
Nataliekitro,874.8
WashTimes,874.8
henryfountain,874.8
antoguerrera,874.8
Isikoff,873.6
KABGreek,873
doberah,873.1314278170177
martinmatishak,872.4
HornbyLucy,871
intelNewsOrg,871
thestate,870.0
NickdeLarrinaga,870.7533343530132
tobyharnden,868.8
alexhofford,868.8
KendraWrites,867.6
robertshrimsley,866.4
CathStandard,866
khalafroula,866.7330509395025
knightktm,866.4
tveitdal,866
NOAANCEIclimate,865.2
gracehood,864.0
MarkIMardell,862
ReaganBattalion,861.6
RobertsDan,860.4
SamWallaceTel,859.2
efindell,856.8
AFPphoto,855.6
zkaram,855.6
FbdnStories,854.4
islamicworldupd,852
AK_OK,852
anna_rosenberg,851
WSJusnews,850
RaziNurullayev,849
anastasiawils,848
SteveNickSmith,848
Bernstein,848.4
ravmattu,847.2
farenet,847
dlknowles,847.2
ain92ru,845.9844086941639
Richard_AHolmes,844.8
DCPoliceDept,843.6
kylehopkinsAK,843
RMac18,841.2
ShorensteinCtr,841.7650350847167
KanaInagaki,840
jledbetter,840.0
Rachel__Nichols,838.8
_RichardHall,837.4649915049629
PSchwartzstein,836.4
kajakallas,836.0074334658917
AndrewBeatty,834.0
AKEnergyDesk,834
athenogenes,834.3811312681842
DLidington,834.9545273784032
_edinh,833
Beltrew,832.8
JavierespFT,832.8
iamjohnoliver,832.7959223821872
RamaNewDelhi,831.6
tracicarl,831.6
JamieBrysonCPNI,829.2
davidgregory,829.2
CatholicReview,828
DrWillN,828
HuffPost,828.1677734503928
desmondbutler,826
AlbertSamaha,826.8
acaruanagalizia,825.6
isocockerell,825
ccdcoe,824
bdentonphoto,823
LizziePaton,823.2
timesofindia,823.2
meperl,823
JasonLeopold,822.0
brett_mcgurk,822.1399030516691
Polly_Boiko,822.0
westhawaiitoday,821
EUReuters,819
MikeVorkunov,819.6
micahflee,819.6
ByTimSullivan,818
stephanfaris,818.1080299785867
sarahmaslin,817.2
johnminchillo,817.2
NickBryantNY,816.0
dw_politics,814.8
BofA_News,814.8
neal_katyal,812.4
cfbennett2,812
ssmairs,812.4
atrupar,812.4
visegrad24,812
Besser_Deniz,810.0
Design_Week,810.0
ensiamedia,809
alexkpotter,808
johnthornhillft,808
outsidemagazine,808.8
bensiegel,807.6
brdemuth,807
ChloeNCornish,807.5798166374545
ftbized,807.6
wilks_isaac,806
nbcchicago,806.4
meghara,806.5260630162129
europressos,804.0
gurchiani,804
DrAnnaFunk,803
OleRyborg,802.8
asteris,801.6
ErinELyall,801
balazscseko,798
Claire_Bushey,798
Travelogged,798
RaffiElliott,797
KTOOMatt,796
MagnumPhotos,795.6
SVR13,795.6
ClearanceJobs,794.4
dpa_intl,794.9440960538391
josephfcox,793.8158786072348
mattblaze,793.2
poltheoryother,792
mrsahuquillo,790.5966677145552
kadhim,790.8
joelplouffe,789
HealthLGBTQ,789
marcusmoore,788.4
LFFriedman,787
sundaylongread,787
MilitaryTimes,786.0
Bagehots,785
jacopo_iacoboni,784.4150351789538
FleurdeWeerd,784
sarahcox_bc,783
SusanVermazen,782
ZEKvSR,782.4
globeandmail,782.4
ReutersBiz,782.4
ashnagesh,782.693804552456
MelanieFSmith,781
Deena_Zaru,781.2
AmericanPapist,781
phoeb0,781
MarketWatch,780.0
james_munson,780
JFK_America,780.0
MarkDiStef,778.8
Philanthropy,778.8
elizabeth_joh,776
annaholligan,775.2
JimCarrey,774.0
globaloilrisks,772
kenbensinger,772.8
EveningStandard,771.6
ftchina,771.6
deborahblum,771.6
ReporterFaith,770.4
jlfeder,770.4
merritk,769.2
SoniaAndolz,768
StLiechtenstein,766
GarethJennings3,765
SheilaCoronel,765
ScottDuncanWX,765
outofedenwalk,764
irin,764.4
GUGovt,763
Adampasick,763.2
GrMarkou,762
ECIU_UK,761
mattholehouse,760
OwenWalker0,760
ukinpoland,760.8
FiveThirtyEight,759.6
NOLAnews,758.4
Trinity_News,758
ErikaSolomon,758.9304300930295
fox32news,758.4
igorbobic,754.8
TomNamako,754.8
ellie_knott,753
xlorentzen,753.6
agenda_ge,752
digidiplo,751
smh,751.2
propagandopolis,751
corriemac,751.2
foxnewspolitics,748.8
CarolLeonnig,748.8
ddayen,747
joel_schectman,747.6
NewLeftReview,747
AoDespair,747.6
BuzzFeedBiz,747.6
WSJdeals,747
bechamilton,747
EUinNL,746.4
AmyEGardner,746.4
MaraHvistendahl,744.0
ben_a_goldfarb,744.0
Karabakh_MoD,743
ProfTalmadge,743
JamesCTobias,742
shacindananthan,741
AvgerinosMoscow,741
vesahakkinen,741.6
piosmo,741
srcorrespondent,740
anastasiakeeley,740.4
wsteaks,739.2
a_stille,739
marcatracy,738.0
postpolitics,738.0
Rasmussen_Poll,738.0
Samfr,737
UKHouseofLords,735.6
stuartathompson,735.6
Michael_Pooler,734
fotoole,734.4
campuscodi,734
MaliDaily,733
NikiBlasina,733.2
ISDglobal,732
JulienNocetti,732
mariannaspring,732.0
ThePlumLineGS,730.8
LydsG,730.8
josh_emerson,728
kathrynw5,728.4
mitchellbyars,727.2
BrusselsGeek,726.0
zoyashef,726.0
nytdrew,724
Justin_D_Martin,724
MrRobertNisbet,721
Shuaibalmosawa,720.0
marybsheridan,718.8
RonFilipkowski,718
JeffreyCook,717.6
TeleSkiSnow,717
ScottGordonNBC5,717.6
Diplomat_APAC,716.4
anandvasu,715.2
AlexKleeman,714
AirForce24x7,714
madshrew,711
jkbjournalist,711.6
zosiawanat,709
BenDoBrown,709.2
faysalitani,708.0
waadalkateab,708
samdubberley,707
MattMershonTV,706
johnodonnell21,705
PassportIrish,705
fastlerner,705
iankmsmith,704
SSteinLubrano,701
DanielThomasLDN,699.6
GlennThrush,698.4
woodlandnews,698.4
MejlumyanAni,697
KateBeioley_FT,697
annacod,697.2
CoastAlaska,697
sarajerving,696
UpstreamOnline,695
ArtyomTonoyan,695
Siftedeu,695
ajb_powell,694
Militarydotcom,694.8
GuardianAus,694.8
StanfordJourn,694
standardnews,693.6
jonathanwatts,693.6
OALD24,691
Robert_Bridge,691
Sarah_Gilman,687
JoshTANoble,686
simeonkerr,685.2
ReutersIran,685.2
stevanzetti,685
JournoResource,684
anniebanerji,684.0
kvoneggert,683
CFWIJ,683
moldovaorg,682
pete_apps,681.6
Sunniva_Rose,681
MilenaRodban,680.4
TexasLRL,679
aronczyk,678.0
PostWorld,678.0
cynthiao,678
RosieGray,678.0
m_scribe,678
mirandareporter,678.0
FactcheckEU,676
mccarthyryanj,675.6
owen_g,674.4
kayewiggins,672.0
MalmstromEU,672.0
MurphyPeterN,671
BBCWorld,669.6
katehodal,669
guardianscience,668.4
dallasnews,667.2
0xAmit,667.2
Provoke_News,667
sandracavallo,666
Diplopundit,666
liliagaida,666.0
emmavj,663.6
juliamacfarlane,662.4
xanaoneill,662.4
IanMcKellen,655.2
alinaselyukh,655.2
bryanhimself,655.2
cjblain10,653
OPECnews,652
SpiegelPeter,652.8
samgadjones,652.8
markbakerprague,650
martinmsobczyk,649.2
CatholicTechTip,649
ZgutEdit,648
StefLhermitte,648
_grendan,648
MaeveShearlaw,646
AllisonMorris1,644.4
RTPerson3,643
IWM_Vienna,643
VoteAshcraft,643.2
harriszainul,642
AlexNicest,641
irpinvestigates,641
MikeIsaac,639.6
Loukas_RS,638.4
foxnewsalert,636.0
USEmbassySeoul,636.0
liliebayer,634
bhgreeley,634.8
SputnikInt,633.6
joaska_,633
DavidKeo,632.4
FrankFigliuzzi1,630.0
themediamentor,629
ENC_Europe,628
mckinneytweets,627
beccalew,627
ElaineDMoore,627.6
AlinejadMasih,627.6
NYTimesCohen,625.2
latimesworld,625.2
BGInews,625.2
berdynskykh_k,623
JLCauvin,622
ekizilkaya,622.8
OnionSports,621.6
fransquishco,621.6
EliLake,621.6
becingber,620
TimesofIsrael,620.4
SWPBerlin,617
LBC,615.6
mickthehack,615.6
serjtankian,614.4
thebaltictimes,613
nelliepeyton,612
AsiaNewsEN,612
BreitbartNews,612.0
jackjordan334,611
ClimateHome,611
UlfLaessing,610
billkeller2014,609
theipaper,609.6
suboticjelena,609
Cmdr_Hadfield,608.4
EuHouseSkopje,607
reporterjoe,606.0
mattsteinglass,606.0
dhavalkulkarni,605
wilsonchris,604
JoelLewin,604.8
CBCIndigenous,604.8
wbuechner,603.6
fteconomics,603.6
nathanjurgenson,602
MONEY,601.2
GovExec,601.2
ricklyman,601
columbiajourn,600.0
IrishLitTimes,600
IanWright0,600.0
CarbonBrief,600
bobsmietana,600
JackEwingNYT,598
H_E_Samuel,598
ElizHarball,598
thehill,597.6
virgiltexas,597.6
Louiseontwitr,597
IndyWorld,596.4
hargreaves_s,595
karlaadam,595.2
lageneralista,594
shanecroucher,594.0
tkassenova,594
CiCiAdams_,594.0
c_m_dangelo,592.8
realconnorluke,591
TheShiftNews,590.4
ivylessner,586
pamelacolloff,586.8
catholic_sf,586
thecompassnews,585
BGOnTheScene,585
ftworldnews,583.2
SOMAObservatory,582.0
declanwalsh,582.0
kcalamur,582.0
DailyStarLeb,579.6
ftopinion,577.2
tomthuang,577.2
kgb_files,576
wesselNOS,576.0
MaloverjanBBC,576.0
latimesbiz,576.0
DarkReading,575
DimitarBechev,574
Syria_Protector,574.8
danieldombey,574
yanisvaroufakis,574.8
DuckofMinerva,573
TND,573.6
laurawags,571.2
alistaircoleman,571.2
eyeonthearctic,570
michaelh992,568.8
JillAbramson,568.8
USMEPI,567.6
WSJshutdown,566.4
ReutersWorld,565.2
mxtaliajane,565
CarolineGruyter,565
LifeNewsHQ,563
MGhorab3,562
Roy_Gutman,562
TonyMabertESPN,561
moylato,558
limesonline,558.0
lizzy_davies,557
ChrisLynnHedges,556
dna,555.6
MorganLKaplan,554
nabihbulos,554.4
FMR_Brussels,553.2
leorobsonwriter,553
OHnewsroom,552
PatrickSawer,551
forensicnewsnet,550
ValeriePlame,550.8
aliShihabi,550.8
BadgerHerald,550.8
halilikaya,549
harryfoxdavies,548
fttechnews,548.4
Shaimaakhalil,548.4
CyberMro,546
JoeMillerJr,546.0
stecklow,546.0
PinkNews,546.0
hrwdispatches,545
lokshin,541
EddaSchlager,540
josephabondy,540
holger_r,539
GOVUK,538.8
kshaheen,538.8
EvanMcS,538.8
ladyhaja,538.8
stef_palma,537.6
chelseahartisme,537
approject,536.4
USAGov,535.2
AnnaGBusse,535
andyharnik,535.2
TechCrunch,535.2
marcowenjones,534
demianvonosten,534.0
Sheerzee,532
ABCNewsLive,531.6
javiersolana,531.6
LamaHasan,530.4
dailykos,530.4
cricketwallah,529.2
FindLawConsumer,528.0
TVAmyViteri,527
pgreenberger,527
JerzyBuzek,526.8
SMusaieva,526
VOANews,525.6
JaneLytv,525.6
TheCanaryUK,523
manhack,522.0
BloombergNRG,520
Malfrid_BH,520
LSM_eng,520
samuelmoyn,519.6
EurAlmanac,519
BryanJOBrien,518.4
Kilicbil,518
ReutersUS,518.4
ciaraphelan_,517
HillTimesGlobal,515
BDSixsmith,515
MarkusBecker,513.6
ftenergy,512.4
BrucePannier,511.2
TelegraphNews,511.2
GENinnovate,510.0
LegalWeek,509
DailyCaller,508.8
alexandrelatsa,502
fayobserver,502
rollcallpols,501
mfletchertimes,498
Peggynoonannyc,498.0
charisma_news,496
pussyrrriot,490.8
Folly_and_Glory,487
FT,486.0
AJBousquet,484
maw75,483
Number10cat,479
DietmarPichler1,479
FoxNews,478.8
idvck,476
dailycamera,476.4
Ulkoministerio,475.2
rgjoni,473
HoshangHesen,473
nzcatholic,468
JohannesGuetl,467
BenBrownBBC,466
franziskanava,466
jeffburnside,465
GuardianUS,463.2
bathr0bespierre,459
abususu,458.4
formichenews,457
DailyMirror,454.8
AlterNet,452.4
sham_jaff,449
Disabilitygov,448.8
hannahgais,447.6
MattGertz,447.6
artcrimeprof,447
cornishft,445
valeria_wants,444
EmmaAgyemang,444
mediaguardian,440.4
EUCouncilTVNews,439.2
Linkiesta,439.2
elliecostelloTV,432
DefectorMedia,432
emad_badi,431
SchatzEd,430
karencheee,430.8
jongambrellAP,429.6
jafariysaeid,429
CoreyRForrester,429.6
Gokan_Gunes,428.4
Khadija_Ismayil,427
MattGarrahan,427.2
chris_mandle,426.0
ftbrussels,424.8
Gawker,424
BBCLookNorth,422.4
MPJVincent,420
rampi,420.0
silvia_sb_,418.8
Utrikesdep,417.6
Jderbyshire,417
juli_anh,416
AB_Chapman,413
conspirator0,411
BBCRadio4,410.4
BartStaszewski,410
angrypiln,408
ioannZH,406.8
capitalweather,405.6
Indolic,402
robinfwalker,400.8
GusovskySergiy,400
ftfinancenews,399.6
StrifeBlog,398
investigate_eu,394
MikaelHolmstr,392
ntabrizy,392.4
snigdhapoonam,392.4
UPI,391.2
threatintel,390.0
OlafStorbeck,388.8
alexsakalis,387
LauraHuu,386.4
AzStudies,386
TheCarrieGracie,386
MediapartEN,378
HiskiHaukkala,377
EHeyl,373
ReportagenCH,373
profdalimonte,369
CathHerald,367
MalachyClerkin,362
vvanwilgenburg,362
marcobardazzi,360.0
LOsservatoreUSA,358
OddNewsUPI,357
HDNER,356.4
Truthdig,355.2
EP_Praha,354.0
PublishersWkly,354.0
BusinessDesk,352.8
CliveMyrieBBC,352
MarinaLalovic,352
KCNAWatch,351
phil_ipp_fritz,348.0
mustefabali,341
ArchiveDigger,337
giuliapompili,336
yachay_dc,332
meikar,332
NenaDarling,328
LondonSouthEast,328
mranti,328.8
IwriteOK,327
WSJMoneyBeat,324.0
Londonist,321.6
Maher_mon,320.4
BBCPolitics,319.2
StankoNastya,319
NewsHour,314.4
nefyodov,309
hamilr11,309
VICEUK,308.4
EdamOrg,304
tema57,304
petro_francesco,302
nomoreanry,300
BentHHoyre,298.8
BBCNews,297.6
DVIDSHub,295.2
kevinlimonier,294
MorningCybersec,294
metkere,291
TKulakowski,289
ykymykovna,286
SITE_FRFL,281
MENnewsdesk,277.2
IndiaPhotos,276
yoshkinkrot,274
valentineoberti,273.6
FlorentGEEL,267
ReutersUK,266.4
lodygin,264
YouTubeCreators,259.2
nevsinmengu,259
TariqAli_News,258
AbuNefeli,257
FrejaWedenborg,250
PE_Portugal,249.6
AnnalenaLauren,249
siteintelgroup,249
MON_GOV_PL,243.6
szefernaker,241.2
PAPinformacje,239
gCaptain,231
guardianfilm,228.0
oivshina,223
phoenix_de,222.0
guardian,216.0
IllinoisReview,214
SNiinivaara,212.4
24Aleppo,207
Cartabellotta,207
TomaszSiemoniak,203
euronewsde,202.8
SergeiMillian,202
ftmoney,202.8
DanielLaufer,181
MikaelSkillt,174
IngaSpringe,172
e_kaspersky_ru,171.6
AnkeTruijen,171
guardiannews,164.4
ftukpolitics,162.0
LaStampa,162.0
DPDAlerts,160
ricpuglisi,159.6
ars_ves,154.8
moslenta,153
fgerschel,150
g900ap,148
epoddubny,145
MuratAbenov,142
gorianov,139.2
Baba_A_,138.0
LitCritTrump,137
lauraboldrini,135.6
olivierboy,134
rianru,133.2
protivorechie,129
wwwproektmedia,127
nielsack,122
MSzuldrzynski,121.2
Ogrysko,120
inbarspace,118
Ros_Pil,118
AnonymousPress,118
jakubgornicki,116
DM_Deluca,116
gadlernertweet,107
naganoff_ru,104.4
pressrahhal,98
wybranowski,97.2
kowalskaac,96
Vestnik_Stab,94
ElBloombito,93
AmruSalahuddien,91
Lenkakab,84
alicanth,83
krasovkin,68.4
bartolopietro1,68
lubopitner,66
alex_orlowski,63.6
Exen,62
LBalcerowicz,60.0
RachidaElAzzz,58
pascalriche,56.4
nekhezin,54
seriozha_s,52
TimatiOfficial,50
TurcanMarie,48.0
konkret24,46
aligatorsha,44
usembassycanada,40
samuellaurent,38.4
jeune_afrique,36.0
Zforever,36
casamacombo,36
euroradio,34.8
alexis_ok,33.6
zhuravleva,24.0
superumka,24
kmartynov,23
mborzunova,19
Coldwar_Steve,18
paperbag_moscow,18
TexasHouse,12
OpenMedia_io,11
Patyulina,8
user,1
aleshru,0
nyt_diff,0
Lawyerscom,0.0
The961,0
RuPolitics_NC,0
JulianCastro,1104.0
TheNationalNews,1081.2
BraceyHarris,1057.2
CollinCountyDFW,794
GoadGatsby,791
LCRWnews,303
MeganSquire0,1608
elizTrovall,1173.6
pstanpolitics,777
